,product,brand,product_urls,price,Ex_Delivery,Availability
0,-,5 star,https://www.amazon.in/gp/slredirect/picassoRedirect.html/ref=pa_sp_atf_aps_sr_pg1_1?ie=UTF8&adId=A061107531TUGN5RHMV0N&url=%2FKadence-Frontier-Acoustic-Guitar-Strings%2Fdp%2FB01GDZ46AA%2Fref%3Dsr_1_1_sspa%3Fcrid%3D2D1III27C4Z9F%26keywords%3Dguitar%26qid%3D1664347323%26qu%3DeyJxc2MiOiI1LjgyIiwicXNhIjoiNS4xOSIsInFzcCI6IjQuMDQifQ%253D%253D%26smid%3DAM04Z7MH4HSDD%26sprefix%3Dguitar%252Caps%252C1141%26sr%3D8-1-spons%26psc%3D1%26smid%3DAM04Z7MH4HSDD&qualifier=1664347323&id=699954441650477&widgetName=sp_atf,Musical Instruments,-,-
1,-,"Kadence Slowhand Premium Jumbo Semi Acoustic Guitar with Heavy Padded Bag, guitar cable, Pro Capo (Black Spruce Wood)",https://www.amazon.in/gp/slredirect/picassoRedirect.html/ref=pa_sp_atf_aps_sr_pg1_1?ie=UTF8&adId=A00103562TH7ZMEL1FOWU&url=%2FKadence-Slowhand-Premium-Acoustic-Instrument%2Fdp%2FB077SZ667X%2Fref%3Dsr_1_2_sspa%3Fcrid%3D2D1III27C4Z9F%26keywords%3Dguitar%26qid%3D1664347323%26qu%3DeyJxc2MiOiI1LjgyIiwicXNhIjoiNS4xOSIsInFzcCI6IjQuMDQifQ%253D%253D%26sprefix%3Dguitar%252Caps%252C1141%26sr%3D8-2-spons%26psc%3D1&qualifier=1664347323&id=699954441650477&widgetName=sp_atf,Musical Instruments,-,-
2,-,"Festra 38C, 38 Inch Acoustic Guitar Kit with Bag, Strap, One Pack Strings And 2 Picks (Black)",https://www.amazon.in/gp/slredirect/picassoRedirect.html/ref=pa_sp_atf_aps_sr_pg1_1?ie=UTF8&adId=A09452362H4BY83H2O7HK&url=%2FFestra-Acoustic-Guitar-Strap-Strings%2Fdp%2FB09JTR6N53%2Fref%3Dsr_1_3_sspa%3Fcrid%3D2D1III27C4Z9F%26keywords%3Dguitar%26qid%3D1664347323%26qu%3DeyJxc2MiOiI1LjgyIiwicXNhIjoiNS4xOSIsInFzcCI6IjQuMDQifQ%253D%253D%26sprefix%3Dguitar%252Caps%252C1141%26sr%3D8-3-spons%26psc%3D1%26smid%3DA3HCWE0HCT5KDF&qualifier=1664347323&id=699954441650477&widgetName=sp_atf,Musical Instruments,-,-
3,-,Bestonl String Decor Guitar Children's Musical Instrument Educational Toy Small Guitar for Beginners Kids Child - 23Inch,https://www.amazon.in/gp/slredirect/picassoRedirect.html/ref=pa_sp_atf_aps_sr_pg1_1?ie=UTF8&adId=A01119973NF1JUL82CNSA&url=%2FBestonl-Childrens-Instrument-Educational-Beginners%2Fdp%2FB0BDG13QZS%2Fref%3Dsr_1_4_sspa%3Fcrid%3D2D1III27C4Z9F%26keywords%3Dguitar%26qid%3D1664347323%26qu%3DeyJxc2MiOiI1LjgyIiwicXNhIjoiNS4xOSIsInFzcCI6IjQuMDQifQ%253D%253D%26sprefix%3Dguitar%252Caps%252C1141%26sr%3D8-4-spons%26psc%3D1&qualifier=1664347323&id=699954441650477&widgetName=sp_atf,Musical Instruments,-,-
4,-,"Juârez Acoustic Guitar, 38 Inch Cutaway, 038C with Bag, Strings, Pick and Strap, Black",https://www.amazon.in/Juarez-Acoustic-Cutaway-038C-Strings/dp/B017NPCSLI/ref=sr_1_5?crid=2D1III27C4Z9F&keywords=guitar&qid=1664347323&qu=eyJxc2MiOiI1LjgyIiwicXNhIjoiNS4xOSIsInFzcCI6IjQuMDQifQ%3D%3D&sprefix=guitar%2Caps%2C1141&sr=8-5,Musical Instruments,-,-
5,-,"Intern INT-38C Right hand Acoustic Guitar Kit, With Bag, Strings, Pick And Strap, Black, small",https://www.amazon.in/Intern-INT-38C-Acoustic-Guitar-Black/dp/B073B6TQQY/ref=sr_1_6?crid=2D1III27C4Z9F&keywords=guitar&qid=1664347323&qu=eyJxc2MiOiI1LjgyIiwicXNhIjoiNS4xOSIsInFzcCI6IjQuMDQifQ%3D%3D&sprefix=guitar%2Caps%2C1141&sr=8-6,Musical Instruments,-,-
6,-,Intern INT-38C Acoustic Guitar Kit (Blue),https://www.amazon.in/Intern-INT-38C-Acoustic-Guitar-Blue/dp/B073B5RZBV/ref=sr_1_7?crid=2D1III27C4Z9F&keywords=guitar&qid=1664347323&qu=eyJxc2MiOiI1LjgyIiwicXNhIjoiNS4xOSIsInFzcCI6IjQuMDQifQ%3D%3D&sprefix=guitar%2Caps%2C1141&sr=8-7,Musical Instruments,-,-
7,-,Fender CD 60 Dread V3 DS 6 String Acoustic Guitar - Walnut Fretboard-Black,https://www.amazon.in/Fender-Dread-String-Acoustic-Guitar/dp/B07RM4B5LJ/ref=sxin_14?asc_contentid=amzn1.osa.39dd7fbf-afb9-4b33-a89b-5dc1ff018d2f.A21TJRUUN4KGV.en_IN&asc_contenttype=article&ascsubtag=amzn1.osa.39dd7fbf-afb9-4b33-a89b-5dc1ff018d2f.A21TJRUUN4KGV.en_IN&content-id=amzn1.sym.5ddd0a98-0444-4cd7-ad42-d5b6aca160cf%3Aamzn1.sym.5ddd0a98-0444-4cd7-ad42-d5b6aca160cf&creativeASIN=B07RM4B5LJ&crid=2D1III27C4Z9F&cv_ct_cx=guitar&cv_ct_id=amzn1.osa.39dd7fbf-afb9-4b33-a89b-5dc1ff018d2f.A21TJRUUN4KGV.en_IN&cv_ct_pg=search&cv_ct_we=asin&cv_ct_wn=osp-single-source-all-asins&keywords=guitar&linkCode=oas&pd_rd_i=B07RM4B5LJ&pd_rd_r=bb21876e-2588-4851-92ef-cb9fa85d51ef&pd_rd_w=Cah0V&pd_rd_wg=Q21N4&pf_rd_p=5ddd0a98-0444-4cd7-ad42-d5b6aca160cf&pf_rd_r=D05PN99YMS4VYA7WEF70&qid=1664347323&qu=eyJxc2MiOiI1LjgyIiwicXNhIjoiNS4xOSIsInFzcCI6IjQuMDQifQ%3D%3D&sprefix=guitar%2Caps%2C1141&sr=1-1-887d48f0-d798-4604-a3e5-14d9d204cf06&tag=sm-content-21,Musical Instruments,-,-
8,-,"Yamaha FS100C Acoustic Guitar, Natural",https://www.amazon.in/Yamaha-FS100C-Acoustic-Guitars-Natural/dp/B00QKD79QE/ref=sxin_14?asc_contentid=amzn1.osa.39dd7fbf-afb9-4b33-a89b-5dc1ff018d2f.A21TJRUUN4KGV.en_IN&asc_contenttype=article&ascsubtag=amzn1.osa.39dd7fbf-afb9-4b33-a89b-5dc1ff018d2f.A21TJRUUN4KGV.en_IN&content-id=amzn1.sym.5ddd0a98-0444-4cd7-ad42-d5b6aca160cf%3Aamzn1.sym.5ddd0a98-0444-4cd7-ad42-d5b6aca160cf&creativeASIN=B00QKD79QE&crid=2D1III27C4Z9F&cv_ct_cx=guitar&cv_ct_id=amzn1.osa.39dd7fbf-afb9-4b33-a89b-5dc1ff018d2f.A21TJRUUN4KGV.en_IN&cv_ct_pg=search&cv_ct_we=asin&cv_ct_wn=osp-single-source-all-asins&keywords=guitar&linkCode=oas&pd_rd_i=B00QKD79QE&pd_rd_r=bb21876e-2588-4851-92ef-cb9fa85d51ef&pd_rd_w=Cah0V&pd_rd_wg=Q21N4&pf_rd_p=5ddd0a98-0444-4cd7-ad42-d5b6aca160cf&pf_rd_r=D05PN99YMS4VYA7WEF70&qid=1664347323&qu=eyJxc2MiOiI1LjgyIiwicXNhIjoiNS4xOSIsInFzcCI6IjQuMDQifQ%3D%3D&sprefix=guitar%2Caps%2C1141&sr=1-2-887d48f0-d798-4604-a3e5-14d9d204cf06&tag=sm-content-21,Musical Instruments,-,-
9,-,"Hovner 215 Black F-Cut Rosewood Fretboard Acoustic Guitar With Bag,Strap,1 Set of Extra Strings and 2 Picks By K-Retail",https://www.amazon.in/Rosewood-Fretboard-Acoustic-Strings-K-Retail/dp/B07KLG8C4P/ref=sxin_14?asc_contentid=amzn1.osa.39dd7fbf-afb9-4b33-a89b-5dc1ff018d2f.A21TJRUUN4KGV.en_IN&asc_contenttype=article&ascsubtag=amzn1.osa.39dd7fbf-afb9-4b33-a89b-5dc1ff018d2f.A21TJRUUN4KGV.en_IN&content-id=amzn1.sym.5ddd0a98-0444-4cd7-ad42-d5b6aca160cf%3Aamzn1.sym.5ddd0a98-0444-4cd7-ad42-d5b6aca160cf&creativeASIN=B07KLG8C4P&crid=2D1III27C4Z9F&cv_ct_cx=guitar&cv_ct_id=amzn1.osa.39dd7fbf-afb9-4b33-a89b-5dc1ff018d2f.A21TJRUUN4KGV.en_IN&cv_ct_pg=search&cv_ct_we=asin&cv_ct_wn=osp-single-source-all-asins&keywords=guitar&linkCode=oas&pd_rd_i=B07KLG8C4P&pd_rd_r=bb21876e-2588-4851-92ef-cb9fa85d51ef&pd_rd_w=Cah0V&pd_rd_wg=Q21N4&pf_rd_p=5ddd0a98-0444-4cd7-ad42-d5b6aca160cf&pf_rd_r=D05PN99YMS4VYA7WEF70&qid=1664347323&qu=eyJxc2MiOiI1LjgyIiwicXNhIjoiNS4xOSIsInFzcCI6IjQuMDQifQ%3D%3D&sprefix=guitar%2Caps%2C1141&sr=1-3-887d48f0-d798-4604-a3e5-14d9d204cf06&tag=sm-content-21,Musical Instruments,-,-
10,-,"Kadence Guitar Acoustica Series, 41” Jumbo Size 6-strings Acoustic Guitar, Spruce body with Pick Guard A311 with bag",https://www.amazon.in/Kadence-6-strings-Acoustic-Guitar-Natural/dp/B07JKYWGJN/ref=sxin_14?asc_contentid=amzn1.osa.39dd7fbf-afb9-4b33-a89b-5dc1ff018d2f.A21TJRUUN4KGV.en_IN&asc_contenttype=article&ascsubtag=amzn1.osa.39dd7fbf-afb9-4b33-a89b-5dc1ff018d2f.A21TJRUUN4KGV.en_IN&content-id=amzn1.sym.5ddd0a98-0444-4cd7-ad42-d5b6aca160cf%3Aamzn1.sym.5ddd0a98-0444-4cd7-ad42-d5b6aca160cf&creativeASIN=B07JKYWGJN&crid=2D1III27C4Z9F&cv_ct_cx=guitar&cv_ct_id=amzn1.osa.39dd7fbf-afb9-4b33-a89b-5dc1ff018d2f.A21TJRUUN4KGV.en_IN&cv_ct_pg=search&cv_ct_we=asin&cv_ct_wn=osp-single-source-all-asins&keywords=guitar&linkCode=oas&pd_rd_i=B07JKYWGJN&pd_rd_r=bb21876e-2588-4851-92ef-cb9fa85d51ef&pd_rd_w=Cah0V&pd_rd_wg=Q21N4&pf_rd_p=5ddd0a98-0444-4cd7-ad42-d5b6aca160cf&pf_rd_r=D05PN99YMS4VYA7WEF70&qid=1664347323&qu=eyJxc2MiOiI1LjgyIiwicXNhIjoiNS4xOSIsInFzcCI6IjQuMDQifQ%3D%3D&sprefix=guitar%2Caps%2C1141&sr=1-4-887d48f0-d798-4604-a3e5-14d9d204cf06&tag=sm-content-21,Musical Instruments,-,-
11,-,Intern 38C Ebony Wood Cutaway Design Acoustic Guitar with Picks And Carry Bag (Black),https://www.amazon.in/Intern-38-inch-Cutaway-Design-Acoustic/dp/B07X4PN85R/ref=sr_1_8?crid=2D1III27C4Z9F&keywords=guitar&qid=1664347323&qu=eyJxc2MiOiI1LjgyIiwicXNhIjoiNS4xOSIsInFzcCI6IjQuMDQifQ%3D%3D&sprefix=guitar%2Caps%2C1141&sr=8-8,Musical Instruments,-,-
12,-,"Juarez Acoustic Guitar Kit, 38 Inch Cutaway, 38C with Bag, Strings, Pick and Strap, 3TS Sunburst",https://www.amazon.in/JUAREZ-JRZ38C-Acoustic-Sunburst-Strings/dp/B01FYYTDTU/ref=sr_1_9?crid=2D1III27C4Z9F&keywords=guitar&qid=1664347323&qu=eyJxc2MiOiI1LjgyIiwicXNhIjoiNS4xOSIsInFzcCI6IjQuMDQifQ%3D%3D&sprefix=guitar%2Caps%2C1141&sr=8-9,Musical Instruments,-,-
13,-,"Juarez Acoustic Guitar, 38 Inch Curved Body Cutaway, 38CUR with Bag, Strings, Pick and Strap, Black",https://www.amazon.in/Juarez-Acoustic-Guitar-Cutaway-Strings/dp/B076QHZ4HZ/ref=sr_1_10?crid=2D1III27C4Z9F&keywords=guitar&qid=1664347323&qu=eyJxc2MiOiI1LjgyIiwicXNhIjoiNS4xOSIsInFzcCI6IjQuMDQifQ%3D%3D&sprefix=guitar%2Caps%2C1141&sr=8-10,Musical Instruments,-,-
14,-,"Juarez Acoustic Guitar Kit, 38 Inch Cutaway, 38C with Bag, Strings, Pick and Strap, TBS Transparent Blue Sunburst",https://www.amazon.in/JUAREZ-JRZ38C-Acoustic-Sunburst-Strings/dp/B01FYYTDS6/ref=sr_1_11?crid=2D1III27C4Z9F&keywords=guitar&qid=1664347323&qu=eyJxc2MiOiI1LjgyIiwicXNhIjoiNS4xOSIsInFzcCI6IjQuMDQifQ%3D%3D&sprefix=guitar%2Caps%2C1141&sr=8-11,Musical Instruments,-,-
15,-,"Henrix 38C 38 inch Cutaway Acoustic Guitar with Dual Action Truss Rod, Gigbag, Picks, String Set, Strap, Cloth & Ebook- Red Burst",https://www.amazon.in/Henrix-Acoustic-Guitar-Die-cast-Dual-action/dp/B07VNDWSGD/ref=sr_1_12?crid=2D1III27C4Z9F&keywords=guitar&qid=1664347323&qu=eyJxc2MiOiI1LjgyIiwicXNhIjoiNS4xOSIsInFzcCI6IjQuMDQifQ%3D%3D&sprefix=guitar%2Caps%2C1141&sr=8-12,Musical Instruments,-,-
16,-,"Intern 38C Wooden Acoustic Steel-String Guitar Premium White Cutaway Design With Carry Bag, Strings, Guitar Strap And Plectrums (Int-38C-Wh)",https://www.amazon.in/Intern-Acoustic-Steel-string-plectrums-INT-38C-WH/dp/B09LR94Z2X/ref=sr_1_13?crid=2D1III27C4Z9F&keywords=guitar&qid=1664347323&qu=eyJxc2MiOiI1LjgyIiwicXNhIjoiNS4xOSIsInFzcCI6IjQuMDQifQ%3D%3D&sprefix=guitar%2Caps%2C1141&sr=8-13,Musical Instruments,-,-
17,-,5 star,https://www.amazon.in/Medellin-Acoustic-Guitar-Carbon-Learning/dp/B09MSGMQ3Y/ref=sr_1_14?crid=2D1III27C4Z9F&keywords=guitar&qid=1664347323&qu=eyJxc2MiOiI1LjgyIiwicXNhIjoiNS4xOSIsInFzcCI6IjQuMDQifQ%3D%3D&smid=AM04Z7MH4HSDD&sprefix=guitar%2Caps%2C1141&sr=8-14,Musical Instruments,-,-
18,-,"Yamaha FS100C Acoustic Guitar, Black",https://www.amazon.in/Yamaha-FS-100C-6-String-Acoustic-without/dp/B00PAS9CK6/ref=sr_1_15?crid=2D1III27C4Z9F&keywords=guitar&qid=1664347323&qu=eyJxc2MiOiI1LjgyIiwicXNhIjoiNS4xOSIsInFzcCI6IjQuMDQifQ%3D%3D&sprefix=guitar%2Caps%2C1141&sr=8-15,Musical Instruments,-,-
19,-,5 star,https://www.amazon.in/Kadence-Frontier-Acoustic-Guitar-Strings/dp/B01GDZ46AA/ref=sr_1_16?crid=2D1III27C4Z9F&keywords=guitar&qid=1664347323&qu=eyJxc2MiOiI1LjgyIiwicXNhIjoiNS4xOSIsInFzcCI6IjQuMDQifQ%3D%3D&smid=AM04Z7MH4HSDD&sprefix=guitar%2Caps%2C1141&sr=8-16,Musical Instruments,-,-
20,-,"Kadence Frontier Series, Semi Acoustic Guitar With Die Cast Keys (Bag,Strap,Strings And 3 Picks) (Natural)",https://www.amazon.in/Kadence-Frontier-Acoustic-Natural-Equalizer/dp/B01I50UJG6/ref=sr_1_17?crid=2D1III27C4Z9F&keywords=guitar&qid=1664347323&qu=eyJxc2MiOiI1LjgyIiwicXNhIjoiNS4xOSIsInFzcCI6IjQuMDQifQ%3D%3D&sprefix=guitar%2Caps%2C1141&sr=8-17,Musical Instruments,-,-
21,-,"Hovner 215 Black F-Cut Rosewood Fretboard Acoustic Guitar With Bag,Strap,1 Set of Extra Strings and 2 Picks By K-Retail",https://www.amazon.in/Rosewood-Fretboard-Acoustic-Strings-K-Retail/dp/B07KLG8C4P/ref=sr_1_18?crid=2D1III27C4Z9F&keywords=guitar&qid=1664347323&qu=eyJxc2MiOiI1LjgyIiwicXNhIjoiNS4xOSIsInFzcCI6IjQuMDQifQ%3D%3D&sprefix=guitar%2Caps%2C1141&sr=8-18,Musical Instruments,-,-
22,-,5 star,https://www.amazon.in/Kadence-Frontier-Acoustic-Guitar-Strings/dp/B078GTJP5Y/ref=sr_1_19?crid=2D1III27C4Z9F&keywords=guitar&qid=1664347323&qu=eyJxc2MiOiI1LjgyIiwicXNhIjoiNS4xOSIsInFzcCI6IjQuMDQifQ%3D%3D&smid=AM04Z7MH4HSDD&sprefix=guitar%2Caps%2C1141&sr=8-19,Musical Instruments,-,-
23,-,"JUAREZ JRZ38C Right Handed Acoustic Guitar with Bag, Strings, Pick and Strap (Natural, 6 Strings)",https://www.amazon.in/JUAREZ-JRZ38C-Acoustic-Natural-Strings/dp/B01FYYTDWC/ref=sr_1_20?crid=2D1III27C4Z9F&keywords=guitar&qid=1664347323&qu=eyJxc2MiOiI1LjgyIiwicXNhIjoiNS4xOSIsInFzcCI6IjQuMDQifQ%3D%3D&sprefix=guitar%2Caps%2C1141&sr=8-20,Musical Instruments,-,-
24,-,"GUITAR BRO - COMBO (Black Acoustic Guitar for Beginner, Guitar Learning Kit, Song Book, Video Lectures, Accessories like Pick, Bag)",https://www.amazon.in/gp/slredirect/picassoRedirect.html/ref=pa_sp_mtf_aps_sr_pg1_1?ie=UTF8&adId=A0544814GMYG4B2WGTJ6&url=%2FGUITAR-BRO-Acoustic-Beginner-Accessories%2Fdp%2FB07T84GC8L%2Fref%3Dsr_1_21_sspa%3Fcrid%3D2D1III27C4Z9F%26keywords%3Dguitar%26qid%3D1664347323%26qu%3DeyJxc2MiOiI1LjgyIiwicXNhIjoiNS4xOSIsInFzcCI6IjQuMDQifQ%253D%253D%26sprefix%3Dguitar%252Caps%252C1141%26sr%3D8-21-spons%26psc%3D1&qualifier=1664347323&id=699954441650477&widgetName=sp_mtf,Musical Instruments,-,-
25,-,LUCHILA 4 String Decor Guitar Children's Musical Instrument Educational Toy Small Guitar for Beginners Kids Child,https://www.amazon.in/gp/slredirect/picassoRedirect.html/ref=pa_sp_mtf_aps_sr_pg1_1?ie=UTF8&adId=A077094238JJH9C76Z1GW&url=%2FLUCHILA-Childrens-Instrument-Educational-Beginners%2Fdp%2FB09T3Q72CJ%2Fref%3Dsr_1_22_sspa%3Fcrid%3D2D1III27C4Z9F%26keywords%3Dguitar%26qid%3D1664347323%26qu%3DeyJxc2MiOiI1LjgyIiwicXNhIjoiNS4xOSIsInFzcCI6IjQuMDQifQ%253D%253D%26sprefix%3Dguitar%252Caps%252C1141%26sr%3D8-22-spons%26psc%3D1&qualifier=1664347323&id=699954441650477&widgetName=sp_mtf,Musical Instruments,-,-
26,-,DIKUJI ENTERPRISE Plastic Medium Acoustic Guitar Learning Toy for Kids (Brown),https://www.amazon.in/gp/slredirect/picassoRedirect.html/ref=pa_sp_mtf_aps_sr_pg1_1?ie=UTF8&adId=A06775112XSORV7NVPS9L&url=%2FDIKUJI-ENTERPRISE-Acoustic-Guitar-Learning%2Fdp%2FB099GS1WG6%2Fref%3Dsr_1_23_sspa%3Fcrid%3D2D1III27C4Z9F%26keywords%3Dguitar%26qid%3D1664347323%26qu%3DeyJxc2MiOiI1LjgyIiwicXNhIjoiNS4xOSIsInFzcCI6IjQuMDQifQ%253D%253D%26sprefix%3Dguitar%252Caps%252C1141%26sr%3D8-23-spons%26psc%3D1&qualifier=1664347323&id=699954441650477&widgetName=sp_mtf,Musical Instruments,-,-
27,-,"JYOTAKSH STORE Givson Venus VS-BLK, Right Handed 6 Strings Acoustic Guitar with Cover/Bag",https://www.amazon.in/gp/slredirect/picassoRedirect.html/ref=pa_sp_mtf_aps_sr_pg1_1?ie=UTF8&adId=A09990473DWUAEIGFG50F&url=%2FJYOTAKSH-Givson-Venus-Strings-Acoustic%2Fdp%2FB0BFJBLNL7%2Fref%3Dsr_1_24_sspa%3Fcrid%3D2D1III27C4Z9F%26keywords%3Dguitar%26qid%3D1664347323%26qu%3DeyJxc2MiOiI1LjgyIiwicXNhIjoiNS4xOSIsInFzcCI6IjQuMDQifQ%253D%253D%26sprefix%3Dguitar%252Caps%252C1141%26sr%3D8-24-spons%26psc%3D1&qualifier=1664347323&id=699954441650477&widgetName=sp_mtf,Musical Instruments,-,-
28,-,Intern INT-38C Acoustic Guitar Kit (Purple),https://www.amazon.in/Intern-INT-38C-Acoustic-Guitar-Purple/dp/B073B4CT2F/ref=sr_1_25?crid=2D1III27C4Z9F&keywords=guitar&qid=1664347323&qu=eyJxc2MiOiI1LjgyIiwicXNhIjoiNS4xOSIsInFzcCI6IjQuMDQifQ%3D%3D&sprefix=guitar%2Caps%2C1141&sr=8-25,Musical Instruments,-,-
29,-,Intern INT-38C Natural Linden Wood Acoustic Guitar Kit with Carry Bag & Picks,https://www.amazon.in/Intern-INT-38C-Natural-Acoustic-Guitar/dp/B07X4LPJ6H/ref=sr_1_26?crid=2D1III27C4Z9F&keywords=guitar&qid=1664347323&qu=eyJxc2MiOiI1LjgyIiwicXNhIjoiNS4xOSIsInFzcCI6IjQuMDQifQ%3D%3D&sprefix=guitar%2Caps%2C1141&sr=8-26,Musical Instruments,-,-
30,-,Intern Int-38c Linden Wood Acoustic Guitar Kit with Carry Bag and Picks (Brown),https://www.amazon.in/Intern-INT-38C-Brown-Acoustic-Guitar/dp/B07X2HV158/ref=sr_1_27?crid=2D1III27C4Z9F&keywords=guitar&qid=1664347323&qu=eyJxc2MiOiI1LjgyIiwicXNhIjoiNS4xOSIsInFzcCI6IjQuMDQifQ%3D%3D&sprefix=guitar%2Caps%2C1141&sr=8-27,Musical Instruments,-,-
31,-,5 star,https://www.amazon.in/Medellin-Acoustic-Guitar-Carbon-Learning/dp/B09MSGQQWX/ref=sr_1_28?crid=2D1III27C4Z9F&keywords=guitar&qid=1664347323&qu=eyJxc2MiOiI1LjgyIiwicXNhIjoiNS4xOSIsInFzcCI6IjQuMDQifQ%3D%3D&smid=AM04Z7MH4HSDD&sprefix=guitar%2Caps%2C1141&sr=8-28,Musical Instruments,-,-
32,-,YAMAHA FS80C NATURAL CONCERT CUTAWAY GUITAR,https://www.amazon.in/YAMAHA-NATURAL-CONCERT-CUTAWAY-GUITAR/dp/B08KW4DRKL/ref=sr_1_29?crid=2D1III27C4Z9F&keywords=guitar&qid=1664347323&qu=eyJxc2MiOiI1LjgyIiwicXNhIjoiNS4xOSIsInFzcCI6IjQuMDQifQ%3D%3D&sprefix=guitar%2Caps%2C1141&sr=8-29,Musical Instruments,-,-
33,-,Intern Int-38c Sunburst Linden Wood Acoustic Guitar Kit with Carry Bag and Picks,https://www.amazon.in/Intern-INT-38C-Sunburst-Acoustic-Guitar/dp/B07X1J4D3Z/ref=sr_1_30?crid=2D1III27C4Z9F&keywords=guitar&qid=1664347323&qu=eyJxc2MiOiI1LjgyIiwicXNhIjoiNS4xOSIsInFzcCI6IjQuMDQifQ%3D%3D&sprefix=guitar%2Caps%2C1141&sr=8-30,Musical Instruments,-,-
34,-,Revel 38 Inches Cutaway Design Acoustic Guitar with Carry bag and Plectrums. Great tone and Beginner/Learners standard size configuration for all age groups (Black),https://www.amazon.in/Acoustic-Plectrums-Beginner-Learners-configuration/dp/B0B4SSB8BJ/ref=sr_1_31?crid=2D1III27C4Z9F&keywords=guitar&qid=1664347323&qu=eyJxc2MiOiI1LjgyIiwicXNhIjoiNS4xOSIsInFzcCI6IjQuMDQifQ%3D%3D&sprefix=guitar%2Caps%2C1141&sr=8-31,Musical Instruments,-,-
35,-,Revel 38 Inches Cutaway Design Acoustic Guitar with Carry bag and Plectrums. Great tone and Beginner/Learners standard size configuration for all age groups (Natural),https://www.amazon.in/Revel-RVL-38C-LGP-NT-Linden-Acoustic-Natural/dp/B085HVRHPS/ref=sr_1_32?crid=2D1III27C4Z9F&keywords=guitar&qid=1664347323&qu=eyJxc2MiOiI1LjgyIiwicXNhIjoiNS4xOSIsInFzcCI6IjQuMDQifQ%3D%3D&sprefix=guitar%2Caps%2C1141&sr=8-32,Musical Instruments,-,-
36,-,"Medellin 38"" Carbon Fiber Acoustic Guitar with free specailized learning course- MDCF38BK Durable Carbon Fiber Matt Sunburst finish Body for beginners with handrest, set of Strings, Strap, Bag, 3 Picks, Capo, Guitar Wall Hanging Stand and Free GUITAR LEARNING COURSE (Special Learning Combo with Guitar)",https://www.amazon.in/Medellin-Acoustic-specailized-learning-beginners/dp/B09MSGN39M/ref=sr_1_33?crid=2D1III27C4Z9F&keywords=guitar&qid=1664347323&qu=eyJxc2MiOiI1LjgyIiwicXNhIjoiNS4xOSIsInFzcCI6IjQuMDQifQ%3D%3D&sprefix=guitar%2Caps%2C1141&sr=8-33,Musical Instruments,-,-
37,-,Yamaha Classical Guitar C40//02,https://www.amazon.in/Yamaha-Classical-Guitar-C40-02/dp/B003UGCUFE/ref=sr_1_34?crid=2D1III27C4Z9F&keywords=guitar&qid=1664347323&qu=eyJxc2MiOiI1LjgyIiwicXNhIjoiNS4xOSIsInFzcCI6IjQuMDQifQ%3D%3D&sprefix=guitar%2Caps%2C1141&sr=8-34,Musical Instruments,-,-
38,-,Kadence Acoustica 34” Acoustic Guitar A03 with bag,https://www.amazon.in/Kadence-Acoustica-Acoustic-Guitar-A03/dp/B08WCTFVT9/ref=sr_1_35?crid=2D1III27C4Z9F&keywords=guitar&qid=1664347323&qu=eyJxc2MiOiI1LjgyIiwicXNhIjoiNS4xOSIsInFzcCI6IjQuMDQifQ%3D%3D&sprefix=guitar%2Caps%2C1141&sr=8-35,Musical Instruments,-,-
39,-,"Kadence Frontier Jumbo Semi Acoustic Guitar With Die Cast Keys,Super Combo (Bag, 1 pack Strings, Strap, Picks, Capo)",https://www.amazon.in/Kadence-Frontier-Acoustic-Guitar-Equalizer/dp/B01HRIHJWY/ref=sr_1_36?crid=2D1III27C4Z9F&keywords=guitar&qid=1664347323&qu=eyJxc2MiOiI1LjgyIiwicXNhIjoiNS4xOSIsInFzcCI6IjQuMDQifQ%3D%3D&sprefix=guitar%2Caps%2C1141&sr=8-36,Musical Instruments,-,-
40,-,"Intern INT-38C Acoustic Guitar Kit (Sunburst) with Carry bag, Picks, Strings set and Guitar Strap, Small",https://www.amazon.in/Intern-INT-38C-Acoustic-Guitar-Sunburst/dp/B073B5MJRM/ref=sr_1_37?crid=2D1III27C4Z9F&keywords=guitar&qid=1664347323&qu=eyJxc2MiOiI1LjgyIiwicXNhIjoiNS4xOSIsInFzcCI6IjQuMDQifQ%3D%3D&sprefix=guitar%2Caps%2C1141&sr=8-37,Musical Instruments,-,-
41,-,"Hovner Carlton Special Quality Rosewood Fretboard Blue Semi Acoustic Guitar With Bag,Strap,1 Set of Extra Strings and 2 Picks By K-Retail (Blue)",https://www.amazon.in/Carlton-Rosewood-Fretboard-Acoustic-K-Retail/dp/B07KK8P9VB/ref=sr_1_38?crid=2D1III27C4Z9F&keywords=guitar&qid=1664347323&qu=eyJxc2MiOiI1LjgyIiwicXNhIjoiNS4xOSIsInFzcCI6IjQuMDQifQ%3D%3D&sprefix=guitar%2Caps%2C1141&sr=8-38,Musical Instruments,-,-
42,-,"Medellin 40"" Acoustic Guitar +(Free Online Learning Course) - Durable Matt finish with, strings, strap, bag, 3 Picks and truss rod adjustment.",https://www.amazon.in/Medellin-Acoustic-Guitar-Online-Learning/dp/B0B3XDNWHH/ref=sr_1_39?crid=2D1III27C4Z9F&keywords=guitar&qid=1664347323&qu=eyJxc2MiOiI1LjgyIiwicXNhIjoiNS4xOSIsInFzcCI6IjQuMDQifQ%3D%3D&sprefix=guitar%2Caps%2C1141&sr=8-39,Musical Instruments,-,-
43,-,Intern INT-38C Acoustic Guitar Kit (Red),https://www.amazon.in/Intern-INT-38C-Acoustic-Guitar-Kit/dp/B073B6TF31/ref=sr_1_40?crid=2D1III27C4Z9F&keywords=guitar&qid=1664347323&qu=eyJxc2MiOiI1LjgyIiwicXNhIjoiNS4xOSIsInFzcCI6IjQuMDQifQ%3D%3D&sprefix=guitar%2Caps%2C1141&sr=8-40,Musical Instruments,-,-
44,-,"Intern INT-38C-BK-G Cutaway Right Handed Acoustic Guitar Kit, with Bag, Nickel Strings, Pick And Strap (Black) -6 Strings",https://www.amazon.in/Intern-INT-38C-BK-G-Guitar-Kit-Black/dp/B07K9497RC/ref=sr_1_41?crid=2D1III27C4Z9F&keywords=guitar&qid=1664347323&qu=eyJxc2MiOiI1LjgyIiwicXNhIjoiNS4xOSIsInFzcCI6IjQuMDQifQ%3D%3D&sprefix=guitar%2Caps%2C1141&sr=8-41,Musical Instruments,-,-
45,-,"JUAREZ Arpéggio 104.14 cm (41 Inch) Semi-Acoustic Guitar Kit, Thin Line Body, Spruce Top, with 4 Band EQ, Natural",https://www.amazon.in/JUAREZ-Arp%C3%A9ggio-Semi-Acoustic-Guitar-Natural/dp/B08KHFJKZK/ref=sr_1_42?crid=2D1III27C4Z9F&keywords=guitar&qid=1664347323&qu=eyJxc2MiOiI1LjgyIiwicXNhIjoiNS4xOSIsInFzcCI6IjQuMDQifQ%3D%3D&sprefix=guitar%2Caps%2C1141&sr=8-42,Musical Instruments,-,-
46,-,"Vault Traveller 34 Inch Acoustic Guitar With Bag, Strap, Strings, Polishing Cloth, String Winder and Picks - Natural Gloss",https://www.amazon.in/Traveller-Acoustic-Guitar-Strings-Polishing/dp/B07RK9962M/ref=sr_1_43?crid=2D1III27C4Z9F&keywords=guitar&qid=1664347323&qu=eyJxc2MiOiI1LjgyIiwicXNhIjoiNS4xOSIsInFzcCI6IjQuMDQifQ%3D%3D&sprefix=guitar%2Caps%2C1141&sr=8-43,Musical Instruments,-,-
47,-,"Ibanez MD39C-NT Acoustic Guitar (Natural), Designed in Japan and Made Specially for India",https://www.amazon.in/Ibanez-IBA-MD39CNT-Acoustic-Guitar-MD39C-NT/dp/B07G4CCMYL/ref=sr_1_44?crid=2D1III27C4Z9F&keywords=guitar&qid=1664347323&qu=eyJxc2MiOiI1LjgyIiwicXNhIjoiNS4xOSIsInFzcCI6IjQuMDQifQ%3D%3D&sprefix=guitar%2Caps%2C1141&sr=8-44,Musical Instruments,-,-
48,-,"Kadence Frontier 34inch guitar for Kids, Travel Guitar for Adult Acoustic Guitar with Die Cast Keys, Set of Strings, Strap, Picks and Bag (Black Guitar)",https://www.amazon.in/Kadence-Professional-Guitar-Years-Strings/dp/B07YZK5B2Z/ref=sr_1_45?crid=2D1III27C4Z9F&keywords=guitar&qid=1664347323&qu=eyJxc2MiOiI1LjgyIiwicXNhIjoiNS4xOSIsInFzcCI6IjQuMDQifQ%3D%3D&sprefix=guitar%2Caps%2C1141&sr=8-45,Musical Instruments,-,-
49,-,"Juarez JRZ-ST02 6-String Electric Guitar, Right Handed, Red, with Case/Bag and Picks",https://www.amazon.in/Juarez-JRZ-ST01-6-String-Electric-Without/dp/B01FYZSOHG/ref=sr_1_46?crid=2D1III27C4Z9F&keywords=guitar&qid=1664347323&qu=eyJxc2MiOiI1LjgyIiwicXNhIjoiNS4xOSIsInFzcCI6IjQuMDQifQ%3D%3D&sprefix=guitar%2Caps%2C1141&sr=8-46,Musical Instruments,-,-
50,-,"Juarez Acoustic Guitar, 38 Inch Cutaway with Pick Guard, 38C/RDS with Bag, Strings, Pick and Strap, Red Sunburst",https://www.amazon.in/Acoustic-Cutaway-RDS-Strings-Sunburst/dp/B076QGY91P/ref=sr_1_47?crid=2D1III27C4Z9F&keywords=guitar&qid=1664347323&qu=eyJxc2MiOiI1LjgyIiwicXNhIjoiNS4xOSIsInFzcCI6IjQuMDQifQ%3D%3D&sprefix=guitar%2Caps%2C1141&sr=8-47,Musical Instruments,-,-
51,-,"Juârez JRZ38C/MAH 6 Strings Acoustic Guitar 38 Inch Cutaway, Right Handed, Mahogany with Bag, Strings, Picks and Strap",https://www.amazon.in/JRZ38C-Strings-Acoustic-Cutaway-Mahogany/dp/B071JM8C6T/ref=sr_1_48?crid=2D1III27C4Z9F&keywords=guitar&qid=1664347323&qu=eyJxc2MiOiI1LjgyIiwicXNhIjoiNS4xOSIsInFzcCI6IjQuMDQifQ%3D%3D&sprefix=guitar%2Caps%2C1141&sr=8-48,Musical Instruments,-,-
52,-,"INTERN 41 inches Acoustic Guitar with truss rod. Includes carry bag, strings pack, strap & plectrums. Premium Wooden durable built, tonal stability & for all age-groups (Jamming Black).",https://www.amazon.in/Acoustic-strings-plectrums-stability-age-groups/dp/B09YHC3LX6/ref=sr_1_49?crid=2D1III27C4Z9F&keywords=guitar&qid=1664347323&qu=eyJxc2MiOiI1LjgyIiwicXNhIjoiNS4xOSIsInFzcCI6IjQuMDQifQ%3D%3D&sprefix=guitar%2Caps%2C1141&sr=8-49,Musical Instruments,-,-
53,-,"Intern INT-38C-SB-G Linden Wood Cutaway Right Handed Acoustic Guitar Kit, With Bag, Strings, Pick And Strap (Sunburst, 6 Strings)",https://www.amazon.in/Intern-INT-38C-SB-G-Guitar-Kit-Sunburst/dp/B07K8WLPLH/ref=sr_1_50?crid=2D1III27C4Z9F&keywords=guitar&qid=1664347323&qu=eyJxc2MiOiI1LjgyIiwicXNhIjoiNS4xOSIsInFzcCI6IjQuMDQifQ%3D%3D&sprefix=guitar%2Caps%2C1141&sr=8-50,Musical Instruments,-,-
54,-,"Kadence AstroMan Electric Guitar, 21 FRETS, ROSEWOOD FRETBOARD, H - S - S PICK UPS Sunburst combo with Bag, Guitar strap,guitar cable and Picks",https://www.amazon.in/Kadence-Electric-Guitar-Rosewood-Fretboard/dp/B07BGXN7P6/ref=sr_1_51?crid=2D1III27C4Z9F&keywords=guitar&qid=1664347323&qu=eyJxc2MiOiI1LjgyIiwicXNhIjoiNS4xOSIsInFzcCI6IjQuMDQifQ%3D%3D&sprefix=guitar%2Caps%2C1141&sr=8-51,Musical Instruments,-,-
55,-,"Kadence Slowhand Premium Jumbo Semi Acoustic Guitar with Heavy Padded Bag, guitar cable, Pro Capo (Black Spruce Wood)",https://www.amazon.in/Kadence-Slowhand-Premium-Acoustic-Instrument/dp/B077SZ667X/ref=sr_1_52?crid=2D1III27C4Z9F&keywords=guitar&qid=1664347323&qu=eyJxc2MiOiI1LjgyIiwicXNhIjoiNS4xOSIsInFzcCI6IjQuMDQifQ%3D%3D&sprefix=guitar%2Caps%2C1141&sr=8-52,Musical Instruments,-,-
56,-,"Juarez Acoustic Guitar, 38 Inch Cutaway with Pick Guard, 38CPG with Bag, Strings, Pick and Strap, Black",https://www.amazon.in/Juarez-Acoustic-Guitar-Cutaway-Strings/dp/B075XMRKMY/ref=sr_1_53?crid=2D1III27C4Z9F&keywords=guitar&qid=1664347323&qu=eyJxc2MiOiI1LjgyIiwicXNhIjoiNS4xOSIsInFzcCI6IjQuMDQifQ%3D%3D&sprefix=guitar%2Caps%2C1141&sr=8-53,Musical Instruments,-,-
57,-,"Yamaha F280 Acoustic Guitar, Natural With Bajaao Gig Bag",https://www.amazon.in/Yamaha-Acoustic-Guitar-Natural-Bajaao/dp/B08RMP2F6Z/ref=sr_1_54?crid=2D1III27C4Z9F&keywords=guitar&qid=1664347323&qu=eyJxc2MiOiI1LjgyIiwicXNhIjoiNS4xOSIsInFzcCI6IjQuMDQifQ%3D%3D&sprefix=guitar%2Caps%2C1141&sr=8-54,Musical Instruments,-,-
58,-,"Yamaha FS100C Acoustic Guitar, Natural",https://www.amazon.in/Yamaha-FS100C-Acoustic-Guitars-Natural/dp/B00QKD79QE/ref=sr_1_55?crid=2D1III27C4Z9F&keywords=guitar&qid=1664347323&qu=eyJxc2MiOiI1LjgyIiwicXNhIjoiNS4xOSIsInFzcCI6IjQuMDQifQ%3D%3D&sprefix=guitar%2Caps%2C1141&sr=8-55,Musical Instruments,-,-
59,-,"Vault EA20 Guitar Kit with Learn to Play E-book, Bag, Strings, Straps, Picks, String winder & Polishing Cloth - 40 inch Cutaway Acoustic Guitar",https://www.amazon.in/Strings-Straps-String-winder-Polishing/dp/B07RV9FJ2Z/ref=sr_1_56?crid=2D1III27C4Z9F&keywords=guitar&qid=1664347323&qu=eyJxc2MiOiI1LjgyIiwicXNhIjoiNS4xOSIsInFzcCI6IjQuMDQifQ%3D%3D&sprefix=guitar%2Caps%2C1141&sr=8-56,Musical Instruments,-,-
60,-,"Cort AD810 Dreadnought Acoustic Guitar with Gig Bag,Tuner,Picks and Strap (Natural Bundle)",https://www.amazon.in/gp/slredirect/picassoRedirect.html/ref=pa_sp_btf_aps_sr_pg1_1?ie=UTF8&adId=A08790022Y5TKL7GOFMBU&url=%2FCort-AD810-Dreadnought-Acoustic-Guitar%2Fdp%2FB07KMBVR6V%2Fref%3Dsr_1_57_sspa%3Fcrid%3D2D1III27C4Z9F%26keywords%3Dguitar%26qid%3D1664347323%26qu%3DeyJxc2MiOiI1LjgyIiwicXNhIjoiNS4xOSIsInFzcCI6IjQuMDQifQ%253D%253D%26sprefix%3Dguitar%252Caps%252C1141%26sr%3D8-57-spons%26psc%3D1%26smid%3DA2E0IZ06LXDJ9X&qualifier=1664347323&id=699954441650477&widgetName=sp_btf,Musical Instruments,-,-
61,-,Vault EA40 41 inch Premium Solid Spruce-Top Cutaway Acoustic Guitar,https://www.amazon.in/gp/slredirect/picassoRedirect.html/ref=pa_sp_btf_aps_sr_pg1_1?ie=UTF8&adId=A09610753VGW0EUUEOMBV&url=%2FPremium-Spruce-Top-Cutaway-Acoustic-Guitar%2Fdp%2FB08FFZY6BJ%2Fref%3Dsr_1_58_sspa%3Fcrid%3D2D1III27C4Z9F%26keywords%3Dguitar%26qid%3D1664347323%26qu%3DeyJxc2MiOiI1LjgyIiwicXNhIjoiNS4xOSIsInFzcCI6IjQuMDQifQ%253D%253D%26sprefix%3Dguitar%252Caps%252C1141%26sr%3D8-58-spons%26psc%3D1&qualifier=1664347323&id=699954441650477&widgetName=sp_btf,Musical Instruments,-,-
62,-,"yamaha acoustic guitar F310, 6-Strings Acoustic Guitar, Natural with Sponge Bag, Belt, Plectrums, Combo Pack",https://www.amazon.in/gp/slredirect/picassoRedirect.html/ref=pa_sp_btf_aps_sr_pg1_1?ie=UTF8&adId=A0147244MADOPX3B1N69&url=%2FYamaha-6-Strings-Acoustic-Natural-Plectrums%2Fdp%2FB07MK3FNX3%2Fref%3Dsr_1_59_sspa%3Fcrid%3D2D1III27C4Z9F%26keywords%3Dguitar%26qid%3D1664347323%26qu%3DeyJxc2MiOiI1LjgyIiwicXNhIjoiNS4xOSIsInFzcCI6IjQuMDQifQ%253D%253D%26sprefix%3Dguitar%252Caps%252C1141%26sr%3D8-59-spons%26psc%3D1%26smid%3DA132BBHT5BYNA5&qualifier=1664347323&id=699954441650477&widgetName=sp_btf,Musical Instruments,-,-
63,-,Mustang 46 PCS Guitar Strings Changing Kit Guitar Tool Kit Including Guitar Strings Guitar Tuner Picks Capo Pins Guitar String Cutter and Winder for Beginner,https://www.amazon.in/gp/slredirect/picassoRedirect.html/ref=pa_sp_btf_aps_sr_pg1_1?ie=UTF8&adId=A09341512CF1AS9X27ZR7&url=%2FMustang-Strings-Changing-Including-Beginner%2Fdp%2FB07S19LGLR%2Fref%3Dsr_1_60_sspa%3Fcrid%3D2D1III27C4Z9F%26keywords%3Dguitar%26qid%3D1664347323%26qu%3DeyJxc2MiOiI1LjgyIiwicXNhIjoiNS4xOSIsInFzcCI6IjQuMDQifQ%253D%253D%26sprefix%3Dguitar%252Caps%252C1141%26sr%3D8-60-spons%26psc%3D1&qualifier=1664347323&id=699954441650477&widgetName=sp_btf,Musical Instruments,-,-
64,-,"Festra R-40- Trussrod Acoustic Guitar Kit with Bag, Strap, One Pack Strings and Picks (Blueburst)",https://www.amazon.in/gp/slredirect/picassoRedirect.html/ref=pa_sp_atf_next_aps_sr_pg2_1?ie=UTF8&adId=A03895361Q45L6VGLECDJ&url=%2FFestra-Trussrod-Acoustic-Strings-Blueburst%2Fdp%2FB09VLDYQF6%2Fref%3Dsr_1_49_sspa%3Fcrid%3D2D1III27C4Z9F%26keywords%3Dguitar%26qid%3D1664347348%26qu%3DeyJxc2MiOiI1LjgyIiwicXNhIjoiNS4xOSIsInFzcCI6IjQuMDQifQ%253D%253D%26sprefix%3Dguitar%252Caps%252C1141%26sr%3D8-49-spons%26psc%3D1&qualifier=1664347348&id=789623444197083&widgetName=sp_atf_next,Musical Instruments,-,-
65,-,AK Empire Kids Set Wooden 4-String Acoustic Guitar Toy Musical Instrument Guitar Toy for Beginners (Brown_18),https://www.amazon.in/gp/slredirect/picassoRedirect.html/ref=pa_sp_atf_next_aps_sr_pg2_1?ie=UTF8&adId=A00993283KLTSGTFA4CJL&url=%2FAK-Empire-4-String-Instrument-Beginners%2Fdp%2FB09QYQS91N%2Fref%3Dsr_1_50_sspa%3Fcrid%3D2D1III27C4Z9F%26keywords%3Dguitar%26qid%3D1664347348%26qu%3DeyJxc2MiOiI1LjgyIiwicXNhIjoiNS4xOSIsInFzcCI6IjQuMDQifQ%253D%253D%26sprefix%3Dguitar%252Caps%252C1141%26sr%3D8-50-spons%26psc%3D1&qualifier=1664347348&id=789623444197083&widgetName=sp_atf_next,Musical Instruments,-,-
66,-,"GUITAR BRO - COMBO (Blue Acoustic Guitar for Beginner, Guitar Learning Kit, Song Book, Video Lectures, Accessories like Pick, Bag)",https://www.amazon.in/gp/slredirect/picassoRedirect.html/ref=pa_sp_atf_next_aps_sr_pg2_1?ie=UTF8&adId=A08791823J4GRMJMKDFMU&url=%2FGUITAR-BRO-Acoustic-Beginner-Accessories%2Fdp%2FB07TC7TWCR%2Fref%3Dsr_1_51_sspa%3Fcrid%3D2D1III27C4Z9F%26keywords%3Dguitar%26qid%3D1664347348%26qu%3DeyJxc2MiOiI1LjgyIiwicXNhIjoiNS4xOSIsInFzcCI6IjQuMDQifQ%253D%253D%26sprefix%3Dguitar%252Caps%252C1141%26sr%3D8-51-spons%26psc%3D1&qualifier=1664347348&id=789623444197083&widgetName=sp_atf_next,Musical Instruments,-,-
67,-,"Jyotaksh Store Givson Venus Special Guitar Combo Acoustic Guitar With Cover/Bag, String Set, Strap and 5 Plectrums (Black, Venus Special)",https://www.amazon.in/gp/slredirect/picassoRedirect.html/ref=pa_sp_atf_next_aps_sr_pg2_1?ie=UTF8&adId=A1037554XJNJYDIBN771&url=%2FJyotaksh-Givson-Special-Acoustic-Plectrums%2Fdp%2FB09C3QJCTR%2Fref%3Dsr_1_52_sspa%3Fcrid%3D2D1III27C4Z9F%26keywords%3Dguitar%26qid%3D1664347348%26qu%3DeyJxc2MiOiI1LjgyIiwicXNhIjoiNS4xOSIsInFzcCI6IjQuMDQifQ%253D%253D%26sprefix%3Dguitar%252Caps%252C1141%26sr%3D8-52-spons%26psc%3D1%26smid%3DA1B1EGMNTV3A8I&qualifier=1664347348&id=789623444197083&widgetName=sp_atf_next,Musical Instruments,-,-
68,-,"Juarez Acoustic Guitar, [ LEFT HANDED] 38 Inch Cutaway, 38CL/BK with Bag, Strings, Pick and Strap, Black",https://www.amazon.in/Juarez-Acoustic-Cutaway-BK-Strings/dp/B076T3RHMG/ref=sr_1_53?crid=2D1III27C4Z9F&keywords=guitar&qid=1664347348&qu=eyJxc2MiOiI1LjgyIiwicXNhIjoiNS4xOSIsInFzcCI6IjQuMDQifQ%3D%3D&sprefix=guitar%2Caps%2C1141&sr=8-53,Musical Instruments,-,-
69,-,Medellin MED-BLU-C Linden Wood Acoustic Guitar,https://www.amazon.in/Medellin-MED-BLU-C-Linden-Acoustic-Guitar/dp/B07NBMWHJW/ref=sr_1_54?crid=2D1III27C4Z9F&keywords=guitar&qid=1664347348&qu=eyJxc2MiOiI1LjgyIiwicXNhIjoiNS4xOSIsInFzcCI6IjQuMDQifQ%3D%3D&sprefix=guitar%2Caps%2C1141&sr=8-54,Musical Instruments,-,-
70,-,"Juarez Acoustic Guitar, [LEFT HANDED] 96.52 cm (38 Inch) Cutaway, 38CL/3TS with Bag, Strings, Pick and Strap, 3TS Sunburst",https://www.amazon.in/Acoustic-Cutaway-3TS-Strings-Sunburst/dp/B098BD1MHM/ref=sr_1_55?crid=2D1III27C4Z9F&keywords=guitar&qid=1664347348&qu=eyJxc2MiOiI1LjgyIiwicXNhIjoiNS4xOSIsInFzcCI6IjQuMDQifQ%3D%3D&sprefix=guitar%2Caps%2C1141&sr=8-55,Musical Instruments,-,-
71,-,"JUAREZ JRZ38CTR/BK 38 Inch Acoustic Guitar with Dual Action Truss Rod, Bag, Picks, Allen Key, Extra String Set, Black",https://www.amazon.in/JUAREZ-JRZ38CTR-BK-Acoustic-Guitar/dp/B08FTZK7H8/ref=sr_1_56?crid=2D1III27C4Z9F&keywords=guitar&qid=1664347348&qu=eyJxc2MiOiI1LjgyIiwicXNhIjoiNS4xOSIsInFzcCI6IjQuMDQifQ%3D%3D&sprefix=guitar%2Caps%2C1141&sr=8-56,Musical Instruments,-,-
72,-,Intern INT-38C Acoustic Guitar Kit (Natural),https://www.amazon.in/Intern-INT-38C-Acoustic-Guitar-Natural/dp/B073B4D22T/ref=sr_1_57?crid=2D1III27C4Z9F&keywords=guitar&qid=1664347348&qu=eyJxc2MiOiI1LjgyIiwicXNhIjoiNS4xOSIsInFzcCI6IjQuMDQifQ%3D%3D&sprefix=guitar%2Caps%2C1141&sr=8-57,Musical Instruments,-,-
73,-,"Blueberry 38C, 38"" Acoustic Guitar Kit with Bag, Strap, One Pack Strings And Picks (Natural)",https://www.amazon.in/Blueberry-38C-Acoustic-Strings-Natural/dp/B08KLNFL2Y/ref=sr_1_58?crid=2D1III27C4Z9F&keywords=guitar&qid=1664347348&qu=eyJxc2MiOiI1LjgyIiwicXNhIjoiNS4xOSIsInFzcCI6IjQuMDQifQ%3D%3D&sprefix=guitar%2Caps%2C1141&sr=8-58,Musical Instruments,-,-
74,-,"Kadence Acoustica Series, Mahogany Top A03",https://www.amazon.in/Kadence-Acoustica-Mahogany-Top-A03/dp/B07Z1STKPH/ref=sr_1_49?crid=2D1III27C4Z9F&keywords=guitar&qid=1664347348&qu=eyJxc2MiOiI1LjgyIiwicXNhIjoiNS4xOSIsInFzcCI6IjQuMDQifQ%3D%3D&sprefix=guitar%2Caps%2C1141&sr=8-49,Musical Instruments,-,-
75,-,"YAMAHA F310, 6-Strings Rose Wood Acoustic Guitar, Natural",https://www.amazon.in/Yamaha-F310-6-Strings-Acoustic-Natural/dp/B000RVYW7E/ref=sr_1_50?crid=2D1III27C4Z9F&keywords=guitar&qid=1664347348&qu=eyJxc2MiOiI1LjgyIiwicXNhIjoiNS4xOSIsInFzcCI6IjQuMDQifQ%3D%3D&sprefix=guitar%2Caps%2C1141&sr=8-50,Musical Instruments,-,-
76,-,"Medellin 38"" Carbon Fiber Acoustic Guitar with free specailized learning course- MDCF38BK Durable Carbon Fiber Matt Pink finish Body for beginners with handrest, set of Strings, Strap, Bag, 3 Picks, Capo, Guitar Wall Hanging Stand and Free GUITAR LEARNING COURSE (Special Learning Combo with Guitar)",https://www.amazon.in/Medellin-Acoustic-specailized-learning-beginners/dp/B09MSH3RY1/ref=sr_1_51?crid=2D1III27C4Z9F&keywords=guitar&qid=1664347348&qu=eyJxc2MiOiI1LjgyIiwicXNhIjoiNS4xOSIsInFzcCI6IjQuMDQifQ%3D%3D&sprefix=guitar%2Caps%2C1141&sr=8-51,Musical Instruments,-,-
77,-,"Juârez Acoustic Guitar, 38 Inch Cutaway, JRZ38CT, Hippie Funky Design, with Bag, Picks, Strap & Extra String set",https://www.amazon.in/Juarez-Acoustic-Guitar-Cutaway-JRZ38CT/dp/B01N3TTYJQ/ref=sr_1_52?crid=2D1III27C4Z9F&keywords=guitar&qid=1664347348&qu=eyJxc2MiOiI1LjgyIiwicXNhIjoiNS4xOSIsInFzcCI6IjQuMDQifQ%3D%3D&sprefix=guitar%2Caps%2C1141&sr=8-52,Musical Instruments,-,-
78,-,"Kordz Luana Natural Wooden 41 Inch Rosewood Fretboard Acoustic Guitar With Bag,Strap,1 Set of Extra Strings and 2 Picks",https://www.amazon.in/Kordz-Luana-Natural-Rosewood-Fretboard/dp/B07V4Y1V9M/ref=sr_1_53?crid=2D1III27C4Z9F&keywords=guitar&qid=1664347348&qu=eyJxc2MiOiI1LjgyIiwicXNhIjoiNS4xOSIsInFzcCI6IjQuMDQifQ%3D%3D&sprefix=guitar%2Caps%2C1141&sr=8-53,Musical Instruments,-,-
79,-,"INTERN 40 inches Acoustic Guitar with Pick-up & truss rod, carry bag, strings pack, strap & picks. Premium Wooden durable built, tonal stability with professional sound amplificaiton. (Black).",https://www.amazon.in/Acoustic-Pick-up-stability-professional-amplificaiton/dp/B09YHCR3R8/ref=sr_1_54?crid=2D1III27C4Z9F&keywords=guitar&qid=1664347348&qu=eyJxc2MiOiI1LjgyIiwicXNhIjoiNS4xOSIsInFzcCI6IjQuMDQifQ%3D%3D&sprefix=guitar%2Caps%2C1141&sr=8-54,Musical Instruments,-,-
80,-,"Medellin 38"" Acoustic Guitar Brown Carbon Fiber Body with FREE Online LEARNING COURSE Durable Matt finish Body for beginners with handrest, set of Strings, Strap, Bag, 3 Picks, Capo, Guitar Wall Hanging Stand and Free GUITAR LEARNING COURSE (Special Learning Combo with Guitar)",https://www.amazon.in/Medellin-Acoustic-LEARNING-beginners-handrest/dp/B09MSKKHJC/ref=sr_1_55?crid=2D1III27C4Z9F&keywords=guitar&qid=1664347348&qu=eyJxc2MiOiI1LjgyIiwicXNhIjoiNS4xOSIsInFzcCI6IjQuMDQifQ%3D%3D&sprefix=guitar%2Caps%2C1141&sr=8-55,Musical Instruments,-,-
81,-,"INTERN 40 inches Acoustic Guitar with Pick-up & truss rod, carry bag, strings pack, strap & picks. Premium Wooden durable built, Best tonal stability with professional sound amplificaiton. (Blue).",https://www.amazon.in/Acoustic-Pick-up-stability-professional-amplificaiton/dp/B09YH89JZQ/ref=sr_1_56?crid=2D1III27C4Z9F&keywords=guitar&qid=1664347348&qu=eyJxc2MiOiI1LjgyIiwicXNhIjoiNS4xOSIsInFzcCI6IjQuMDQifQ%3D%3D&sprefix=guitar%2Caps%2C1141&sr=8-56,Musical Instruments,-,-
82,-,Fender CD 60 Dread V3 DS 6 String Acoustic Guitar - Walnut Fretboard-Sunburst,https://www.amazon.in/Fender-Dread-String-Acoustic-Guitar/dp/B07RM21D8X/ref=sr_1_57?crid=2D1III27C4Z9F&keywords=guitar&qid=1664347348&qu=eyJxc2MiOiI1LjgyIiwicXNhIjoiNS4xOSIsInFzcCI6IjQuMDQifQ%3D%3D&sprefix=guitar%2Caps%2C1141&sr=8-57,Musical Instruments,-,-
83,-,"Intern INT-38C-RD-G Linden Wood Cutaway Right Handed Acoustic Guitar Kit, With Bag, Strings, Pick And Strap (Red, 6 Strings)",https://www.amazon.in/Intern-INT-38C-RD-G-Guitar-Kit-Red/dp/B07K959RKX/ref=sr_1_58?crid=2D1III27C4Z9F&keywords=guitar&qid=1664347348&qu=eyJxc2MiOiI1LjgyIiwicXNhIjoiNS4xOSIsInFzcCI6IjQuMDQifQ%3D%3D&sprefix=guitar%2Caps%2C1141&sr=8-58,Musical Instruments,-,-
84,-,5 star,https://www.amazon.in/gp/slredirect/picassoRedirect.html/ref=pa_sp_mtf_aps_sr_pg2_1?ie=UTF8&adId=A00182461CPK63H5RAXUL&url=%2FRight-Search-Dancing-Cactus-Set_CG11%2Fdp%2FB09RQ16W41%2Fref%3Dsr_1_59_sspa%3Fcrid%3D2D1III27C4Z9F%26keywords%3Dguitar%26qid%3D1664347348%26qu%3DeyJxc2MiOiI1LjgyIiwicXNhIjoiNS4xOSIsInFzcCI6IjQuMDQifQ%253D%253D%26sprefix%3Dguitar%252Caps%252C1141%26sr%3D8-59-spons%26psc%3D1&qualifier=1664347348&id=789623444197083&widgetName=sp_mtf,Musical Instruments,-,-
85,-,Hontral S4 String Decor Guitar Children's Musical Instrument Educational Toy Small Guitar for Beginners Kids Child - 23Inch,https://www.amazon.in/gp/slredirect/picassoRedirect.html/ref=pa_sp_mtf_aps_sr_pg2_1?ie=UTF8&adId=A081256214CY1R7KER4JX&url=%2FHontral-Childrens-Instrument-Educational-Beginners%2Fdp%2FB0BD8Y1H78%2Fref%3Dsr_1_60_sspa%3Fcrid%3D2D1III27C4Z9F%26keywords%3Dguitar%26qid%3D1664347348%26qu%3DeyJxc2MiOiI1LjgyIiwicXNhIjoiNS4xOSIsInFzcCI6IjQuMDQifQ%253D%253D%26sprefix%3Dguitar%252Caps%252C1141%26sr%3D8-60-spons%26psc%3D1&qualifier=1664347348&id=789623444197083&widgetName=sp_mtf,Musical Instruments,-,-
86,-,"JYOTAKSH STORE Givson Venus VS-BLK, Right Handed 6 Strings Acoustic Guitar with Cover/Bag",https://www.amazon.in/gp/slredirect/picassoRedirect.html/ref=pa_sp_mtf_aps_sr_pg2_1?ie=UTF8&adId=A099886733P2WJTNK0OV7&url=%2FJYOTAKSH-Givson-Venus-Strings-Acoustic%2Fdp%2FB0BFHS9PNP%2Fref%3Dsr_1_61_sspa%3Fcrid%3D2D1III27C4Z9F%26keywords%3Dguitar%26qid%3D1664347348%26qu%3DeyJxc2MiOiI1LjgyIiwicXNhIjoiNS4xOSIsInFzcCI6IjQuMDQifQ%253D%253D%26sprefix%3Dguitar%252Caps%252C1141%26sr%3D8-61-spons%26psc%3D1&qualifier=1664347348&id=789623444197083&widgetName=sp_mtf,Musical Instruments,-,-
87,-,Gibz's G-38 Matte Acoustic Guitar With Truss Rod - Black,https://www.amazon.in/gp/slredirect/picassoRedirect.html/ref=pa_sp_mtf_aps_sr_pg2_1?ie=UTF8&adId=A011841627R5RR3DMPL9H&url=%2FGibzs-38-C-Acoustic-Guitar-Black%2Fdp%2FB07LH8P4XK%2Fref%3Dsr_1_62_sspa%3Fcrid%3D2D1III27C4Z9F%26keywords%3Dguitar%26qid%3D1664347348%26qu%3DeyJxc2MiOiI1LjgyIiwicXNhIjoiNS4xOSIsInFzcCI6IjQuMDQifQ%253D%253D%26sprefix%3Dguitar%252Caps%252C1141%26sr%3D8-62-spons%26psc%3D1&qualifier=1664347348&id=789623444197083&widgetName=sp_mtf,Musical Instruments,-,-
88,-,5 star,https://www.amazon.in/Intern-INT-38C-NT-G-Guitar-Kit-Natural/dp/B07K9MZZH9/ref=sr_1_63?crid=2D1III27C4Z9F&keywords=guitar&qid=1664347348&qu=eyJxc2MiOiI1LjgyIiwicXNhIjoiNS4xOSIsInFzcCI6IjQuMDQifQ%3D%3D&smid=A1WYWER0W24N8S&sprefix=guitar%2Caps%2C1141&sr=8-63,Musical Instruments,-,-
89,-,5 star,https://www.amazon.in/Fender-0930307021-SA-105CE-Dreadnought-Electric/dp/B009X3PLRC/ref=sr_1_64?crid=2D1III27C4Z9F&keywords=guitar&qid=1664347348&qu=eyJxc2MiOiI1LjgyIiwicXNhIjoiNS4xOSIsInFzcCI6IjQuMDQifQ%3D%3D&smid=A1WYWER0W24N8S&sprefix=guitar%2Caps%2C1141&sr=8-64,Musical Instruments,-,-
90,-,"Yamaha F310 Acoustic Guitar, Tobacco Brown Sunburst",https://www.amazon.in/Yamaha-Acoustic-Guitar-Tobacco-Sunburst/dp/B08Z35ZR9Y/ref=sr_1_65?crid=2D1III27C4Z9F&keywords=guitar&qid=1664347348&qu=eyJxc2MiOiI1LjgyIiwicXNhIjoiNS4xOSIsInFzcCI6IjQuMDQifQ%3D%3D&sprefix=guitar%2Caps%2C1141&sr=8-65,Musical Instruments,-,-
91,-,"Juârez JRZ38C/ZEB 6 Strings Acoustic Guitar 38 Inch Cutaway, Right Handed, Zebrawood with Bag, Strings, Picks and Strap",https://www.amazon.in/Juarez-Strings-Acoustic-Cutaway-Zebrawood/dp/B072Q9L8DG/ref=sr_1_66?crid=2D1III27C4Z9F&keywords=guitar&qid=1664347348&qu=eyJxc2MiOiI1LjgyIiwicXNhIjoiNS4xOSIsInFzcCI6IjQuMDQifQ%3D%3D&sprefix=guitar%2Caps%2C1141&sr=8-66,Musical Instruments,-,-
92,-,"Henrix 38 CLH Left Handed Cutway Acoustic Guitar with Dual Action Truss Rod, Gigbag, Picks, String Set, Strap & Polishing Cloth - Natural",https://www.amazon.in/Henrix-Handed-Cutway-Acoustic-Polishing/dp/B08R3DKYGM/ref=sr_1_67?crid=2D1III27C4Z9F&keywords=guitar&qid=1664347348&qu=eyJxc2MiOiI1LjgyIiwicXNhIjoiNS4xOSIsInFzcCI6IjQuMDQifQ%3D%3D&sprefix=guitar%2Caps%2C1141&sr=8-67,Musical Instruments,-,-
93,-,"Kadence Guitar Acoustica Series, Electric Acoustic Guitar, Ash Wood with Pickup and Inbuilt tuner Travel Guitar Small Size for Kids and Adult (A06-34"")",https://www.amazon.in/Kadence-Acoustica-Electric-Acoustic-Inbuilt/dp/B09RWX11TC/ref=sr_1_68?crid=2D1III27C4Z9F&keywords=guitar&qid=1664347348&qu=eyJxc2MiOiI1LjgyIiwicXNhIjoiNS4xOSIsInFzcCI6IjQuMDQifQ%3D%3D&sprefix=guitar%2Caps%2C1141&sr=8-68,Musical Instruments,-,-
94,-,"Juârez Acoustic Guitar, 38 Inch Cutaway, JRZ38C with Bag, Strings, Pick and Strap, Blue",https://www.amazon.in/JUAREZ-JRZ38C-Handed-Acoustic-Strings/dp/B01FYYTDX6/ref=sr_1_69?crid=2D1III27C4Z9F&keywords=guitar&qid=1664347348&qu=eyJxc2MiOiI1LjgyIiwicXNhIjoiNS4xOSIsInFzcCI6IjQuMDQifQ%3D%3D&sprefix=guitar%2Caps%2C1141&sr=8-69,Musical Instruments,-,-
95,-,"Medellin 38"" Acoustic Guitar Purple Burst Carbon Fiber body+(Free Online Learning Course) - Durable Matt finish with handrest, strings, strap, bag, 3 Picks, capo, stand.",https://www.amazon.in/Medellin-Acoustic-Guitar-Purple-Learning/dp/B09MSGPQ43/ref=sr_1_70?crid=2D1III27C4Z9F&keywords=guitar&qid=1664347348&qu=eyJxc2MiOiI1LjgyIiwicXNhIjoiNS4xOSIsInFzcCI6IjQuMDQifQ%3D%3D&sprefix=guitar%2Caps%2C1141&sr=8-70,Musical Instruments,-,-
96,-,"Kadence 39” Classical Guitar Nylon Strings Acoustic Guitar with Truss Rod for Beginner Professional With Bag (30"" 1/4 Acoustic GL03)",https://www.amazon.in/Kadence-Classical-Acoustic-Beginner-Professional/dp/B09V2QB1Q5/ref=sr_1_71?crid=2D1III27C4Z9F&keywords=guitar&qid=1664347348&qu=eyJxc2MiOiI1LjgyIiwicXNhIjoiNS4xOSIsInFzcCI6IjQuMDQifQ%3D%3D&sprefix=guitar%2Caps%2C1141&sr=8-71,Musical Instruments,-,-
97,-,"Cort AD810 Dreadnought Acoustic Guitar with Gig Bag,Tuner,Picks and Strap (Natural Bundle)",https://www.amazon.in/Cort-AD810-Dreadnought-Acoustic-Guitar/dp/B07KMBVR6V/ref=sr_1_72?crid=2D1III27C4Z9F&keywords=guitar&qid=1664347348&qu=eyJxc2MiOiI1LjgyIiwicXNhIjoiNS4xOSIsInFzcCI6IjQuMDQifQ%3D%3D&sprefix=guitar%2Caps%2C1141&sr=8-72,Musical Instruments,-,-
98,-,"Kadence Frontier Jumbo Semi Acoustic Guitar With Die Cast Keys Super Combo (Bag, 1 pack Strings, Strap, Picks, Capo (natural)",https://www.amazon.in/Kadence-Frontier-Acoustic-Equalizer-Strings/dp/B01HRIHH9E/ref=sr_1_73?crid=2D1III27C4Z9F&keywords=guitar&qid=1664347348&qu=eyJxc2MiOiI1LjgyIiwicXNhIjoiNS4xOSIsInFzcCI6IjQuMDQifQ%3D%3D&sprefix=guitar%2Caps%2C1141&sr=8-73,Musical Instruments,-,-
99,-,"Kadence Frontier Series,Black Acoustic Guitar With Die Cast Keys Combo (Bag,strap,strings and 3 picks)",https://www.amazon.in/Kadence-Frontier-Acoustic-Guitar-Strings/dp/B01CJJG328/ref=sr_1_74?crid=2D1III27C4Z9F&keywords=guitar&qid=1664347348&qu=eyJxc2MiOiI1LjgyIiwicXNhIjoiNS4xOSIsInFzcCI6IjQuMDQifQ%3D%3D&sprefix=guitar%2Caps%2C1141&sr=8-74,Musical Instruments,-,-
100,-,"Juârez Acoustic Guitar, 38 Inch Cutaway, JRZ38C with Bag, Strings, Pick and Strap, Red",https://www.amazon.in/JUAREZ-JRZ38C-Handed-Acoustic-Strings/dp/B01FYYTDW2/ref=sr_1_75?crid=2D1III27C4Z9F&keywords=guitar&qid=1664347348&qu=eyJxc2MiOiI1LjgyIiwicXNhIjoiNS4xOSIsInFzcCI6IjQuMDQifQ%3D%3D&sprefix=guitar%2Caps%2C1141&sr=8-75,Musical Instruments,-,-
101,-,"ARCTIC Sky series 39"" Guitar (with Truss Rod) with Bag, 3 Picks, Strap & String Set. Standard Pack Black (SK-S39P-BK)",https://www.amazon.in/ARCTIC-Guitar-Truss-String-Standard/dp/B08F43MXBB/ref=sr_1_76?crid=2D1III27C4Z9F&keywords=guitar&qid=1664347348&qu=eyJxc2MiOiI1LjgyIiwicXNhIjoiNS4xOSIsInFzcCI6IjQuMDQifQ%3D%3D&sprefix=guitar%2Caps%2C1141&sr=8-76,Musical Instruments,-,-
102,-,Yamaha FS80C The Ultimate Concert Body Cutaway Acoustic Guitar (Black) With Bajaao Gig-Bag,https://www.amazon.in/Ultimate-Concert-Cutaway-Acoustic-Bajaao/dp/B08WHWKKV5/ref=sr_1_77?crid=2D1III27C4Z9F&keywords=guitar&qid=1664347348&qu=eyJxc2MiOiI1LjgyIiwicXNhIjoiNS4xOSIsInFzcCI6IjQuMDQifQ%3D%3D&sprefix=guitar%2Caps%2C1141&sr=8-77,Musical Instruments,-,-
103,-,"Kadence Guitar Acoustica Series, 41” Jumbo Size 6-strings Acoustic Guitar, Spruce body with Pick Guard A311 with bag",https://www.amazon.in/Kadence-6-strings-Acoustic-Guitar-Natural/dp/B07JKYWGJN/ref=sr_1_78?crid=2D1III27C4Z9F&keywords=guitar&qid=1664347348&qu=eyJxc2MiOiI1LjgyIiwicXNhIjoiNS4xOSIsInFzcCI6IjQuMDQifQ%3D%3D&sprefix=guitar%2Caps%2C1141&sr=8-78,Musical Instruments,-,-
104,-,"Medellin 38"" Acoustic Guitar Carbon Fiber body+(Free Online Learning Course) - Durable Matt finish with handrest, strings, strap, bag, 3 Picks, capo, stand. (red)",https://www.amazon.in/Medellin-carbn-fiber-guitar-38inch/dp/B09MSGVCDV/ref=sr_1_79?crid=2D1III27C4Z9F&keywords=guitar&qid=1664347348&qu=eyJxc2MiOiI1LjgyIiwicXNhIjoiNS4xOSIsInFzcCI6IjQuMDQifQ%3D%3D&sprefix=guitar%2Caps%2C1141&sr=8-79,Musical Instruments,-,-
105,-,Belear M-40 39 Inch Orange Classical Guitar,https://www.amazon.in/Belear-M-40-Orange-Classical-Guitar/dp/B0BBQVMWJ2/ref=sr_1_80?crid=2D1III27C4Z9F&keywords=guitar&qid=1664347348&qu=eyJxc2MiOiI1LjgyIiwicXNhIjoiNS4xOSIsInFzcCI6IjQuMDQifQ%3D%3D&sprefix=guitar%2Caps%2C1141&sr=8-80,Musical Instruments,-,-
106,-,JUAREZ Arpeggio Guitar JRB40LN-3TS,https://www.amazon.in/JUAREZ-JRB40LN-3TS-Arpeggio-Guitar/dp/B08MW8F9VS/ref=sr_1_81?crid=2D1III27C4Z9F&keywords=guitar&qid=1664347348&qu=eyJxc2MiOiI1LjgyIiwicXNhIjoiNS4xOSIsInFzcCI6IjQuMDQifQ%3D%3D&sprefix=guitar%2Caps%2C1141&sr=8-81,Musical Instruments,-,-
107,-,"Juarez 41 Inch Acoustic Guitar Kit with Truss Rod, Solid Linden Wood, Ziko Strings, Pearl Rosette, Rosewood Fretboard & Bridge, Die Cast Machine with Picks, Strap, Strings & Bag, High Gloss Black",https://www.amazon.in/Acoustic-Strings-Rosette-Rosewood-Fretboard/dp/B09FPQX7RN/ref=sr_1_82?crid=2D1III27C4Z9F&keywords=guitar&qid=1664347348&qu=eyJxc2MiOiI1LjgyIiwicXNhIjoiNS4xOSIsInFzcCI6IjQuMDQifQ%3D%3D&sprefix=guitar%2Caps%2C1141&sr=8-82,Musical Instruments,-,-
108,-,"Vault EA20CE 40 Inch Cutaway Electro Acoustic Guitar With Bag, Strings, Straps, Picks, String Winder, Polishing Cloth & Ebook",https://www.amazon.in/Cutaway-Electro-Acoustic-Strings-Polishing/dp/B093VHQZGD/ref=sr_1_83?crid=2D1III27C4Z9F&keywords=guitar&qid=1664347348&qu=eyJxc2MiOiI1LjgyIiwicXNhIjoiNS4xOSIsInFzcCI6IjQuMDQifQ%3D%3D&sprefix=guitar%2Caps%2C1141&sr=8-83,Musical Instruments,-,-
109,-,5 star,https://www.amazon.in/215-Rosewood-Fretboard-Acoustic-Strings/dp/B0BFY2P89K/ref=sr_1_84?crid=2D1III27C4Z9F&keywords=guitar&qid=1664347348&qu=eyJxc2MiOiI1LjgyIiwicXNhIjoiNS4xOSIsInFzcCI6IjQuMDQifQ%3D%3D&sprefix=guitar%2Caps%2C1141&sr=8-84,Musical Instruments,-,-
110,-,Revel 38 Inches Cutaway Design Acoustic Guitar with Carry bag and Plectrums. Great tone and Beginner/Learners standard size configuration for all age groups (Red),https://www.amazon.in/Acoustic-Plectrums-Beginner-Learners-configuration/dp/B09W5V91LW/ref=sr_1_85?crid=2D1III27C4Z9F&keywords=guitar&qid=1664347348&qu=eyJxc2MiOiI1LjgyIiwicXNhIjoiNS4xOSIsInFzcCI6IjQuMDQifQ%3D%3D&sprefix=guitar%2Caps%2C1141&sr=8-85,Musical Instruments,-,-
111,-,"Juârez JRZ38C/WH 6 Strings Acoustic Guitar 38 Inch Cutaway, Right Handed, White with Bag, Strings, Picks and Strap",https://www.amazon.in/Ju%C3%A2rez-JRZ38C-WH-Strings-Acoustic/dp/B072MFK4L6/ref=sr_1_86?crid=2D1III27C4Z9F&keywords=guitar&qid=1664347348&qu=eyJxc2MiOiI1LjgyIiwicXNhIjoiNS4xOSIsInFzcCI6IjQuMDQifQ%3D%3D&sprefix=guitar%2Caps%2C1141&sr=8-86,Musical Instruments,-,-
112,-,Fender SA 135C 39 Inch 6 String Cutaway Acoustic Guitar - Hardwood Fretboard - Natural,https://www.amazon.in/Fender-String-Cutaway-Acoustic-Guitar/dp/B07YX5W8MV/ref=sr_1_87?crid=2D1III27C4Z9F&keywords=guitar&qid=1664347348&qu=eyJxc2MiOiI1LjgyIiwicXNhIjoiNS4xOSIsInFzcCI6IjQuMDQifQ%3D%3D&sprefix=guitar%2Caps%2C1141&sr=8-87,Musical Instruments,-,-
113,-,Vault ST1 Premium Electric Guitar - White,https://www.amazon.in/Vault-ST1-Premium-Electric-Guitar/dp/B09GLYSJ8W/ref=sr_1_88?crid=2D1III27C4Z9F&keywords=guitar&qid=1664347348&qu=eyJxc2MiOiI1LjgyIiwicXNhIjoiNS4xOSIsInFzcCI6IjQuMDQifQ%3D%3D&sprefix=guitar%2Caps%2C1141&sr=8-88,Musical Instruments,-,-
114,-,"Kadence Frontier Series Q10 (Hand Rest) Acoustic Guitar (With Equalizer and Pickup),Die Cast Keys Combo with Bag, 1 pack Strings, Strap and Picks",https://www.amazon.in/Kadence-Frontier-Acoustic-Equalizer-Natural/dp/B094Y9NDWM/ref=sr_1_89?crid=2D1III27C4Z9F&keywords=guitar&qid=1664347348&qu=eyJxc2MiOiI1LjgyIiwicXNhIjoiNS4xOSIsInFzcCI6IjQuMDQifQ%3D%3D&sprefix=guitar%2Caps%2C1141&sr=8-89,Musical Instruments,-,-
115,-,"Givson Venus Special Cutaway Rosewood 41 Inch Acoustic Guitar Kit with Bag, Rhythm String Set, Strap and 5 Plectrums, (sunbrust)",https://www.amazon.in/Special-Cutaway-Rosewood-Acoustic-Plectrums/dp/B09P3YQQLK/ref=sr_1_90?crid=2D1III27C4Z9F&keywords=guitar&qid=1664347348&qu=eyJxc2MiOiI1LjgyIiwicXNhIjoiNS4xOSIsInFzcCI6IjQuMDQifQ%3D%3D&sprefix=guitar%2Caps%2C1141&sr=8-90,Musical Instruments,-,-
116,-,"Ibanez GRG170DX Electric Guitar, Black",https://www.amazon.in/Ibanez-GRG170DX-Electric-Guitar-Black/dp/B001EM180O/ref=sr_1_91?crid=2D1III27C4Z9F&keywords=guitar&qid=1664347348&qu=eyJxc2MiOiI1LjgyIiwicXNhIjoiNS4xOSIsInFzcCI6IjQuMDQifQ%3D%3D&sprefix=guitar%2Caps%2C1141&sr=8-91,Musical Instruments,-,-
117,-,"Intern INT-38C-BLS-G Cutaway Right Handed Acoustic Guitar Kit, With Bag, Strings, Pick And Strap (Blue, 6 Strings)",https://www.amazon.in/Intern-INT-38C-BLS-G-Guitar-Kit-Blue/dp/B07K8YXTNW/ref=sr_1_92?crid=2D1III27C4Z9F&keywords=guitar&qid=1664347348&qu=eyJxc2MiOiI1LjgyIiwicXNhIjoiNS4xOSIsInFzcCI6IjQuMDQifQ%3D%3D&sprefix=guitar%2Caps%2C1141&sr=8-92,Musical Instruments,-,-
118,-,"Juarez Acoustic Guitar, 38 Inch Cutaway, 38CMB with Bag, Strings, Pick and Strap, Matte Black",https://www.amazon.in/Juarez-Acoustic-Guitar-Cutaway-Strings/dp/B084VRCCN7/ref=sr_1_93?crid=2D1III27C4Z9F&keywords=guitar&qid=1664347348&qu=eyJxc2MiOiI1LjgyIiwicXNhIjoiNS4xOSIsInFzcCI6IjQuMDQifQ%3D%3D&sprefix=guitar%2Caps%2C1141&sr=8-93,Musical Instruments,-,-
119,-,"Kadence Frontier Series, Semi Acoustic Guitar With Die Cast Keys (Bag,Strap,Strings And 3 Picks) (Sunburst)",https://www.amazon.in/Kadence-Frontier-Acoustic-Sunburst-Strings/dp/B07T5DMPZ3/ref=sr_1_94?crid=2D1III27C4Z9F&keywords=guitar&qid=1664347348&qu=eyJxc2MiOiI1LjgyIiwicXNhIjoiNS4xOSIsInFzcCI6IjQuMDQifQ%3D%3D&sprefix=guitar%2Caps%2C1141&sr=8-94,Musical Instruments,-,-
120,-,Right Search ® Musical Guitar Toy_g2,https://www.amazon.in/gp/slredirect/picassoRedirect.html/ref=pa_sp_btf_aps_sr_pg2_1?ie=UTF8&adId=A0018334XJTN44AV2CZB&url=%2FRight-Search-Musical-Guitar-Toy_g2%2Fdp%2FB09Z9DP9NR%2Fref%3Dsr_1_95_sspa%3Fcrid%3D2D1III27C4Z9F%26keywords%3Dguitar%26qid%3D1664347348%26qu%3DeyJxc2MiOiI1LjgyIiwicXNhIjoiNS4xOSIsInFzcCI6IjQuMDQifQ%253D%253D%26sprefix%3Dguitar%252Caps%252C1141%26sr%3D8-95-spons%26psc%3D1&qualifier=1664347348&id=789623444197083&widgetName=sp_btf,Musical Instruments,-,-
121,-,Right Search ®Musical Guitar and Drum Combo Set_GD2,https://www.amazon.in/gp/slredirect/picassoRedirect.html/ref=pa_sp_btf_aps_sr_pg2_1?ie=UTF8&adId=A00174102H3918UILK3IA&url=%2FRight-Search-%25C2%25AEMusical-Guitar-Set_GD2%2Fdp%2FB09PYFV844%2Fref%3Dsr_1_96_sspa%3Fcrid%3D2D1III27C4Z9F%26keywords%3Dguitar%26qid%3D1664347348%26qu%3DeyJxc2MiOiI1LjgyIiwicXNhIjoiNS4xOSIsInFzcCI6IjQuMDQifQ%253D%253D%26sprefix%3Dguitar%252Caps%252C1141%26sr%3D8-96-spons%26psc%3D1&qualifier=1664347348&id=789623444197083&widgetName=sp_btf,Musical Instruments,-,-
122,-,Gibz's G-38 Glossy Acoustic Guitar With Truss Rod Natural,https://www.amazon.in/gp/slredirect/picassoRedirect.html/ref=pa_sp_btf_aps_sr_pg2_1?ie=UTF8&adId=A042850030V4VIM4NLGYG&url=%2FGibzs-38-C-Acoustic-Guitar-Natural%2Fdp%2FB07M8KBTX8%2Fref%3Dsr_1_97_sspa%3Fcrid%3D2D1III27C4Z9F%26keywords%3Dguitar%26qid%3D1664347348%26qu%3DeyJxc2MiOiI1LjgyIiwicXNhIjoiNS4xOSIsInFzcCI6IjQuMDQifQ%253D%253D%26sprefix%3Dguitar%252Caps%252C1141%26sr%3D8-97-spons%26psc%3D1&qualifier=1664347348&id=789623444197083&widgetName=sp_btf,Musical Instruments,-,-
123,-,KREEPO Guitar Fretboard Sticker Beginner Learner practicing Fingerboard Fret Note For All 6 Strings Acoustic-Electric Sticker Multicolor(9.1cm X 14.5cm),https://www.amazon.in/gp/slredirect/picassoRedirect.html/ref=pa_sp_btf_aps_sr_pg2_1?ie=UTF8&adId=A09786671DKHYCSY5ARUY&url=%2FKREEPO-practicing-Fingerboard-Acoustic-Electric-Multicolor%2Fdp%2FB09DWZS7BH%2Fref%3Dsr_1_98_sspa%3Fcrid%3D2D1III27C4Z9F%26keywords%3Dguitar%26qid%3D1664347348%26qu%3DeyJxc2MiOiI1LjgyIiwicXNhIjoiNS4xOSIsInFzcCI6IjQuMDQifQ%253D%253D%26sprefix%3Dguitar%252Caps%252C1141%26sr%3D8-98-spons%26psc%3D1&qualifier=1664347348&id=789623444197083&widgetName=sp_btf,Musical Instruments,-,-
124,-,"Festra R-40-Natural Acoustic Guitar Kit with Bag, Strap, One Pack Strings And 2 Picks",https://www.amazon.in/gp/slredirect/picassoRedirect.html/ref=pa_sp_atf_next_aps_sr_pg3_1?ie=UTF8&adId=A0429443G6TTVKJ0JHZ2&url=%2FFestra-R-40-Natural-Acoustic-Guitar-Strings%2Fdp%2FB09VL5DX17%2Fref%3Dsr_1_97_sspa%3Fcrid%3D2D1III27C4Z9F%26keywords%3Dguitar%26qid%3D1664347351%26qu%3DeyJxc2MiOiI1LjgyIiwicXNhIjoiNS4xOSIsInFzcCI6IjQuMDQifQ%253D%253D%26sprefix%3Dguitar%252Caps%252C1141%26sr%3D8-97-spons%26psc%3D1&qualifier=1664347351&id=5978934950283534&widgetName=sp_atf_next,Musical Instruments,-,-
125,-,Right Search ® Dancing Cactus and Guitar Set_CG1001,https://www.amazon.in/gp/slredirect/picassoRedirect.html/ref=pa_sp_atf_next_aps_sr_pg3_1?ie=UTF8&adId=A00180901L0LY0CQ7MGIL&url=%2FRight-Search-Dancing-Cactus-Set_CG1001%2Fdp%2FB09RJDLKMF%2Fref%3Dsr_1_98_sspa%3Fcrid%3D2D1III27C4Z9F%26keywords%3Dguitar%26qid%3D1664347351%26qu%3DeyJxc2MiOiI1LjgyIiwicXNhIjoiNS4xOSIsInFzcCI6IjQuMDQifQ%253D%253D%26sprefix%3Dguitar%252Caps%252C1141%26sr%3D8-98-spons%26psc%3D1&qualifier=1664347351&id=5978934950283534&widgetName=sp_atf_next,Musical Instruments,-,-
126,-,Right Search ® Mini Musical Guitar Toy _g1,https://www.amazon.in/gp/slredirect/picassoRedirect.html/ref=pa_sp_atf_next_aps_sr_pg3_1?ie=UTF8&adId=A00189822R43YM519502A&url=%2FRight-Search-Mini-Musical-Guitar%2Fdp%2FB0B6FJNP9S%2Fref%3Dsr_1_99_sspa%3Fcrid%3D2D1III27C4Z9F%26keywords%3Dguitar%26qid%3D1664347351%26qu%3DeyJxc2MiOiI1LjgyIiwicXNhIjoiNS4xOSIsInFzcCI6IjQuMDQifQ%253D%253D%26sprefix%3Dguitar%252Caps%252C1141%26sr%3D8-99-spons%26psc%3D1&qualifier=1664347351&id=5978934950283534&widgetName=sp_atf_next,Musical Instruments,-,-
127,-,"SG Musical Guitar Belt, Guitar 4 pc. Silicon Protector, Rubber Guitar Pick Holder, String, 4 picks, 6 pins",https://www.amazon.in/gp/slredirect/picassoRedirect.html/ref=pa_sp_atf_next_aps_sr_pg3_1?ie=UTF8&adId=A0945323OZ8NCWHJIP6A&url=%2FSG-Musical-Guitar-Silicon-Protector%2Fdp%2FB0BD4995PW%2Fref%3Dsr_1_100_sspa%3Fcrid%3D2D1III27C4Z9F%26keywords%3Dguitar%26qid%3D1664347351%26qu%3DeyJxc2MiOiI1LjgyIiwicXNhIjoiNS4xOSIsInFzcCI6IjQuMDQifQ%253D%253D%26sprefix%3Dguitar%252Caps%252C1141%26sr%3D8-100-spons%26psc%3D1&qualifier=1664347351&id=5978934950283534&widgetName=sp_atf_next,Musical Instruments,-,-
128,-,Fender CD 60 Dread V3 DS 6 String Acoustic Guitar - Walnut Fretboard-Black,https://www.amazon.in/Fender-Dread-String-Acoustic-Guitar/dp/B07RM4B5LJ/ref=sr_1_101?crid=2D1III27C4Z9F&keywords=guitar&qid=1664347351&qu=eyJxc2MiOiI1LjgyIiwicXNhIjoiNS4xOSIsInFzcCI6IjQuMDQifQ%3D%3D&sprefix=guitar%2Caps%2C1141&sr=8-101,Musical Instruments,-,-
129,-,"Givson Venus Special Cutaway Rosewood 41 Inch Acoustic Guitar Kit with Bag, Rhythm String Set, Strap and 5 Plectrums, (BLACK)",https://www.amazon.in/Special-Cutaway-Rosewood-Acoustic-Plectrums/dp/B09P3YBN48/ref=sr_1_102?crid=2D1III27C4Z9F&keywords=guitar&qid=1664347351&qu=eyJxc2MiOiI1LjgyIiwicXNhIjoiNS4xOSIsInFzcCI6IjQuMDQifQ%3D%3D&sprefix=guitar%2Caps%2C1141&sr=8-102,Musical Instruments,-,-
130,-,"Yamaha F310-TBS Right Handed Acoustic Guitar (Tobacco Sunburst, 6-Strings)",https://www.amazon.in/Yamaha-6-String-Acoustic-Right-Handed-Sunburst/dp/B000WITGQO/ref=sr_1_103?crid=2D1III27C4Z9F&keywords=guitar&qid=1664347351&qu=eyJxc2MiOiI1LjgyIiwicXNhIjoiNS4xOSIsInFzcCI6IjQuMDQifQ%3D%3D&sprefix=guitar%2Caps%2C1141&sr=8-103,Musical Instruments,-,-
131,-,"INTERN 41 inches Cutaway Shape Acoustic Guitar with truss rod. Includes plectrums. Premium Wooden durable built, Best tonal stability and bend resistance (Jamming Black).",https://www.amazon.in/Cutaway-Acoustic-plectrums-stability-resistance/dp/B09YH8LP53/ref=sr_1_104?crid=2D1III27C4Z9F&keywords=guitar&qid=1664347351&qu=eyJxc2MiOiI1LjgyIiwicXNhIjoiNS4xOSIsInFzcCI6IjQuMDQifQ%3D%3D&sprefix=guitar%2Caps%2C1141&sr=8-104,Musical Instruments,-,-
132,-,"Yamaha F310 Acoustic Guitar, Natural",https://www.amazon.in/Yamaha-F310-Acoustic-Guitar-Natural/dp/B08Z3C1GRM/ref=sr_1_105?crid=2D1III27C4Z9F&keywords=guitar&qid=1664347351&qu=eyJxc2MiOiI1LjgyIiwicXNhIjoiNS4xOSIsInFzcCI6IjQuMDQifQ%3D%3D&sprefix=guitar%2Caps%2C1141&sr=8-105,Musical Instruments,-,-
133,-,"Kordz Luana Black Matt Rosewood Fretboard Acoustic Guitar With Bag,Strap,1 Set of Extra Strings and 2 Picks V5",https://www.amazon.in/Kordz-Rosewood-Fretboard-Acoustic-Strings/dp/B09KGH7M5Q/ref=sr_1_106?crid=2D1III27C4Z9F&keywords=guitar&qid=1664347351&qu=eyJxc2MiOiI1LjgyIiwicXNhIjoiNS4xOSIsInFzcCI6IjQuMDQifQ%3D%3D&sprefix=guitar%2Caps%2C1141&sr=8-106,Musical Instruments,-,-
134,-,"Blueberry 38C, 38"" Acoustic Guitar Kit with Bag, Strap, One Pack Strings And Picks (Black)",https://www.amazon.in/Blueberry-38C-Acoustic-Guitar-Strings/dp/B08KLMV4XX/ref=sr_1_107?crid=2D1III27C4Z9F&keywords=guitar&qid=1664347351&qu=eyJxc2MiOiI1LjgyIiwicXNhIjoiNS4xOSIsInFzcCI6IjQuMDQifQ%3D%3D&sprefix=guitar%2Caps%2C1141&sr=8-107,Musical Instruments,-,-
135,-,"Blueberry B40, 40 Inch Acoustic Guitar Kit inbuilt Truss Rod, with Bag, Strap, One Pack Strings and Picks (Natural)",https://www.amazon.in/Blueberry-Acoustic-inbuilt-Strings-Natural/dp/B07PLK46LR/ref=sr_1_108?crid=2D1III27C4Z9F&keywords=guitar&qid=1664347351&qu=eyJxc2MiOiI1LjgyIiwicXNhIjoiNS4xOSIsInFzcCI6IjQuMDQifQ%3D%3D&sprefix=guitar%2Caps%2C1141&sr=8-108,Musical Instruments,-,-
136,-,"INTERN 41 inches Acoustic Guitar with truss rod. Includes carry bag, strings pack, strap & plectrums. Premium Wooden durable built, tonal stability & for all age-groups(Electric Blue).",https://www.amazon.in/Acoustic-plectrums-stability-age-groups-Electric/dp/B09YH8JRZH/ref=sr_1_109?crid=2D1III27C4Z9F&keywords=guitar&qid=1664347351&qu=eyJxc2MiOiI1LjgyIiwicXNhIjoiNS4xOSIsInFzcCI6IjQuMDQifQ%3D%3D&sprefix=guitar%2Caps%2C1141&sr=8-109,Musical Instruments,-,-
137,-,"INTERN 40 inches Acoustic Guitar with Pick-up & truss rod, carry bag, strings pack, strap & picks. Premium Wooden durable built, Best tonal stability with professional sound amplificaiton. (Sunburst).",https://www.amazon.in/Acoustic-stability-professional-amplificaiton-Sunburst/dp/B09YH8TVW7/ref=sr_1_110?crid=2D1III27C4Z9F&keywords=guitar&qid=1664347351&qu=eyJxc2MiOiI1LjgyIiwicXNhIjoiNS4xOSIsInFzcCI6IjQuMDQifQ%3D%3D&sprefix=guitar%2Caps%2C1141&sr=8-110,Musical Instruments,-,-
138,-,"Juarez Arpéggio 104.14 cm (41 Inch) Semi-Acoustic Guitar Kit, Thin Line Body, Spruce Top, with 4 Band EQ, High Gloss Black",https://www.amazon.in/Juarez-Arp%C3%A9ggio-Semi-Acoustic-Guitar-Spruce/dp/B08KHR4BJZ/ref=sr_1_111?crid=2D1III27C4Z9F&keywords=guitar&qid=1664347351&qu=eyJxc2MiOiI1LjgyIiwicXNhIjoiNS4xOSIsInFzcCI6IjQuMDQifQ%3D%3D&sprefix=guitar%2Caps%2C1141&sr=8-111,Musical Instruments,-,-
139,-,"Givson Venus Special Cutaway Rosewood 41 Inch Acoustic Guitar Kit with Bag, Rhythm String Set, Strap and 5 Plectrums, (Sunburst)",https://www.amazon.in/Givson-Ketostics-SUNBRUST-Acoustic-Plectrums/dp/B08KS4F33Q/ref=sr_1_112?crid=2D1III27C4Z9F&keywords=guitar&qid=1664347351&qu=eyJxc2MiOiI1LjgyIiwicXNhIjoiNS4xOSIsInFzcCI6IjQuMDQifQ%3D%3D&sprefix=guitar%2Caps%2C1141&sr=8-112,Musical Instruments,-,-
140,-,Revel 38 Inches Cutaway Design Acoustic Guitar with Carry bag and Plectrums. Great tone and Beginner/Learners standard size configuration for all age groups (White),https://www.amazon.in/Acoustic-Plectrums-Beginner-Learners-configuration/dp/B09W5TQD6G/ref=sr_1_113?crid=2D1III27C4Z9F&keywords=guitar&qid=1664347351&qu=eyJxc2MiOiI1LjgyIiwicXNhIjoiNS4xOSIsInFzcCI6IjQuMDQifQ%3D%3D&sprefix=guitar%2Caps%2C1141&sr=8-113,Musical Instruments,-,-
141,-,"Vault Junior 30 Inch Acoustic Guitar for Kids with Ebook, Bag, Strings, Straps, Picks, String winder & Polishing Cloth - Natural Gloss",https://www.amazon.in/Junior-Acoustic-Guitar-Strings-Polishing/dp/B07RMJ88G2/ref=sr_1_114?crid=2D1III27C4Z9F&keywords=guitar&qid=1664347351&qu=eyJxc2MiOiI1LjgyIiwicXNhIjoiNS4xOSIsInFzcCI6IjQuMDQifQ%3D%3D&sprefix=guitar%2Caps%2C1141&sr=8-114,Musical Instruments,-,-
142,-,"Yamaha Acoustic Guitar F280 Dreadnought With Mexa Sponge Bag Belt,Plectrums, String Set & Guitar Stand (Natural)",https://www.amazon.in/Acoustic-F280-Dreadnought-Plectrums-Natural/dp/B092TPXZRN/ref=sr_1_115?crid=2D1III27C4Z9F&keywords=guitar&qid=1664347351&qu=eyJxc2MiOiI1LjgyIiwicXNhIjoiNS4xOSIsInFzcCI6IjQuMDQifQ%3D%3D&sprefix=guitar%2Caps%2C1141&sr=8-115,Musical Instruments,-,-
143,-,"4-string acoustic guitar learning kids toy, brown 18-Multi color",https://www.amazon.in/4-string-acoustic-guitar-learning-18-Multi/dp/B09BW7CS1D/ref=sr_1_116?crid=2D1III27C4Z9F&keywords=guitar&qid=1664347351&qu=eyJxc2MiOiI1LjgyIiwicXNhIjoiNS4xOSIsInFzcCI6IjQuMDQifQ%3D%3D&sprefix=guitar%2Caps%2C1141&sr=8-116,Musical Instruments,-,-
144,-,KREEPO Guitar Fretboard Sticker Fingerboard Fret Note Map Labels Learn Tab Guitar Note Acoustic-Electric Sticker Multicolor(9.1cm X 14.5cm),https://www.amazon.in/gp/slredirect/picassoRedirect.html/ref=pa_sp_mtf_aps_sr_pg3_1?ie=UTF8&adId=A097872310SKBZA7NGJ2K&url=%2FKREEPO-Fretboard-Fingerboard-Acoustic-Electric-Multicolor%2Fdp%2FB09DWZ6LM2%2Fref%3Dsr_1_117_sspa%3Fcrid%3D2D1III27C4Z9F%26keywords%3Dguitar%26qid%3D1664347351%26qu%3DeyJxc2MiOiI1LjgyIiwicXNhIjoiNS4xOSIsInFzcCI6IjQuMDQifQ%253D%253D%26sprefix%3Dguitar%252Caps%252C1141%26sr%3D8-117-spons%26psc%3D1&qualifier=1664347351&id=5978934950283534&widgetName=sp_mtf,Musical Instruments,-,-
145,-,5 star,https://www.amazon.in/gp/slredirect/picassoRedirect.html/ref=pa_sp_mtf_aps_sr_pg3_1?ie=UTF8&adId=A001751025WY44MPM7VNG&url=%2FRight-Search-%25C2%25AEMusical-Guitar-Set_GD1%2Fdp%2FB09PY2ZT6M%2Fref%3Dsr_1_118_sspa%3Fcrid%3D2D1III27C4Z9F%26keywords%3Dguitar%26qid%3D1664347351%26qu%3DeyJxc2MiOiI1LjgyIiwicXNhIjoiNS4xOSIsInFzcCI6IjQuMDQifQ%253D%253D%26sprefix%3Dguitar%252Caps%252C1141%26sr%3D8-118-spons%26psc%3D1&qualifier=1664347351&id=5978934950283534&widgetName=sp_mtf,Musical Instruments,-,-
146,-,DEVICE OF URBAN INFOTECH Tuning Peg Silver for Acoustic Guitar Parts Tuners Keys Semi-closed Guitar String Tuning Pegs Tuner Machine Heads Knobs Tuning Keys for Acoustic & Electric Guitar 3R+3L(6 PCS),https://www.amazon.in/gp/slredirect/picassoRedirect.html/ref=pa_sp_mtf_aps_sr_pg3_1?ie=UTF8&adId=A0746022366UN372JTNAT&url=%2FDEVICE-URBAN-INFOTECH-Acoustic-Semi-closed%2Fdp%2FB08P1JS4DF%2Fref%3Dsr_1_119_sspa%3Fcrid%3D2D1III27C4Z9F%26keywords%3Dguitar%26qid%3D1664347351%26qu%3DeyJxc2MiOiI1LjgyIiwicXNhIjoiNS4xOSIsInFzcCI6IjQuMDQifQ%253D%253D%26sprefix%3Dguitar%252Caps%252C1141%26sr%3D8-119-spons%26psc%3D1&qualifier=1664347351&id=5978934950283534&widgetName=sp_mtf,Musical Instruments,-,-
147,-,KREEPO Guitar Fretboard Sticker Fingerboard Embossed Carved Decals Stickers (Trapezium Design) With Brown Color(5cm X 17cm),https://www.amazon.in/gp/slredirect/picassoRedirect.html/ref=pa_sp_mtf_aps_sr_pg3_1?ie=UTF8&adId=A09785673JK02G5EQK6V8&url=%2FKREEPO-Fretboard-Fingerboard-Embossed-Trapezium%2Fdp%2FB09DWZS1JZ%2Fref%3Dsr_1_120_sspa%3Fcrid%3D2D1III27C4Z9F%26keywords%3Dguitar%26qid%3D1664347351%26qu%3DeyJxc2MiOiI1LjgyIiwicXNhIjoiNS4xOSIsInFzcCI6IjQuMDQifQ%253D%253D%26sprefix%3Dguitar%252Caps%252C1141%26sr%3D8-120-spons%26psc%3D1&qualifier=1664347351&id=5978934950283534&widgetName=sp_mtf,Musical Instruments,-,-
148,-,"JUAREZ Arpeggio 41 Inch Acoustic Guitar Kit, Spruce Top, Rosewood Fretboard & Bridge, Truss Rod, Chrome Die Cast Machine Tuners, Natural",https://www.amazon.in/JUAREZ-Arpeggio-Acoustic-Rosewood-Fretboard/dp/B08LBGLRFC/ref=sr_1_121?crid=2D1III27C4Z9F&keywords=guitar&qid=1664347351&qu=eyJxc2MiOiI1LjgyIiwicXNhIjoiNS4xOSIsInFzcCI6IjQuMDQifQ%3D%3D&sprefix=guitar%2Caps%2C1141&sr=8-121,Musical Instruments,-,-
149,-,"JUAREZ Arpeggio 99.06 cm (39 Inch) Semi-Acoustic Guitar Kit, Spruce Top, Rosewood Fretboard & Bridge, Truss Rod, 4 Band EQ, Chrome Die Cast Machine Tuners, Sunburst",https://www.amazon.in/JUAREZ-Arpeggio-Semi-Acoustic-Rosewood-Fretboard/dp/B08LBGWG6P/ref=sr_1_122?crid=2D1III27C4Z9F&keywords=guitar&qid=1664347351&qu=eyJxc2MiOiI1LjgyIiwicXNhIjoiNS4xOSIsInFzcCI6IjQuMDQifQ%3D%3D&sprefix=guitar%2Caps%2C1141&sr=8-122,Musical Instruments,-,-
150,-,Yamaha C-40 Fullsized Classic Guitar With Gloss Finish,https://www.amazon.in/Yamaha-Fullsized-Classic-Guitar-Finish/dp/B005B6EZ36/ref=sr_1_123?crid=2D1III27C4Z9F&keywords=guitar&qid=1664347351&qu=eyJxc2MiOiI1LjgyIiwicXNhIjoiNS4xOSIsInFzcCI6IjQuMDQifQ%3D%3D&sprefix=guitar%2Caps%2C1141&sr=8-123,Musical Instruments,-,-
151,-,"JYOTAKSH STORE Givson Venus VS-BLK, Right Handed 6 Strings Acoustic Guitar with Cover/Bag(Black)",https://www.amazon.in/JYOTAKSH-Givson-Venus-Strings-Acoustic/dp/B0BFHCR6WL/ref=sr_1_124?crid=2D1III27C4Z9F&keywords=guitar&qid=1664347351&qu=eyJxc2MiOiI1LjgyIiwicXNhIjoiNS4xOSIsInFzcCI6IjQuMDQifQ%3D%3D&sprefix=guitar%2Caps%2C1141&sr=8-124,Musical Instruments,-,-
152,-,Cort X100 6-String Electric Guitar,https://www.amazon.in/Cort-X100-6-String-Electric-Guitar/dp/B07QKWFTK1/ref=sr_1_125?crid=2D1III27C4Z9F&keywords=guitar&qid=1664347351&qu=eyJxc2MiOiI1LjgyIiwicXNhIjoiNS4xOSIsInFzcCI6IjQuMDQifQ%3D%3D&sprefix=guitar%2Caps%2C1141&sr=8-125,Musical Instruments,-,-
153,-,"Intern INT-38C-L-NT Left Hand Acoustic Guitar Kit (Natural) with Carry bag, string set, picks and strap",https://www.amazon.in/Intern-INT-38C-L-NT-Acoustic-Guitar-Natural/dp/B07J4PVDHG/ref=sr_1_126?crid=2D1III27C4Z9F&keywords=guitar&qid=1664347351&qu=eyJxc2MiOiI1LjgyIiwicXNhIjoiNS4xOSIsInFzcCI6IjQuMDQifQ%3D%3D&sprefix=guitar%2Caps%2C1141&sr=8-126,Musical Instruments,-,-
154,-,"Medellin 38"" Acoustic Guitar Carbon Fiber body+(Free Online Learning Course) - Durable Matt finish with handrest, strings, strap, bag, 3 Picks, capo, stand.",https://www.amazon.in/Medellin-Acoustic-Guitar-Carbon-Learning/dp/B09MSFP7JK/ref=sr_1_127?crid=2D1III27C4Z9F&keywords=guitar&qid=1664347351&qu=eyJxc2MiOiI1LjgyIiwicXNhIjoiNS4xOSIsInFzcCI6IjQuMDQifQ%3D%3D&sprefix=guitar%2Caps%2C1141&sr=8-127,Musical Instruments,-,-
155,-,"Ketostics™ Venus Special Cutaway Rosewood 41 Inch Givson Acoustic Guitar Kit with Bag, Rhythm String Set, Strap and 5 Plectrums, (Red)",https://www.amazon.in/Ketostics-Givson-Special-Acoustic-Plectrums/dp/B08HWHCFDG/ref=sr_1_128?crid=2D1III27C4Z9F&keywords=guitar&qid=1664347351&qu=eyJxc2MiOiI1LjgyIiwicXNhIjoiNS4xOSIsInFzcCI6IjQuMDQifQ%3D%3D&sprefix=guitar%2Caps%2C1141&sr=8-128,Musical Instruments,-,-
156,-,5 star,https://www.amazon.in/Intern-INT-38C-VT-G-Guitar-Kit-Violet/dp/B07K8YJXKL/ref=sr_1_129?crid=2D1III27C4Z9F&keywords=guitar&qid=1664347351&qu=eyJxc2MiOiI1LjgyIiwicXNhIjoiNS4xOSIsInFzcCI6IjQuMDQifQ%3D%3D&smid=A1WYWER0W24N8S&sprefix=guitar%2Caps%2C1141&sr=8-129,Musical Instruments,-,-
157,-,"Kadence Guitar Acoustica Series, Electric Acoustic Guitar, Ash Wood with Pickup and Inbuilt tuner (Ash Wood, Electro Acoustic) with bag.",https://www.amazon.in/Kadence-Acoustica-Ash-Wood-Equlizer/dp/B0757H5P13/ref=sr_1_130?crid=2D1III27C4Z9F&keywords=guitar&qid=1664347351&qu=eyJxc2MiOiI1LjgyIiwicXNhIjoiNS4xOSIsInFzcCI6IjQuMDQifQ%3D%3D&sprefix=guitar%2Caps%2C1141&sr=8-130,Musical Instruments,-,-
158,-,"Blueberry B-D38, 38"" Acoustic Guitar Kit Inbuilt Truss Rod with Bag, Strap, One Pack Strings And Picks (Black)",https://www.amazon.in/Blueberry-B-D38-Acoustic-Inbuilt-Strings/dp/B07PGV8VCB/ref=sr_1_131?crid=2D1III27C4Z9F&keywords=guitar&qid=1664347351&qu=eyJxc2MiOiI1LjgyIiwicXNhIjoiNS4xOSIsInFzcCI6IjQuMDQifQ%3D%3D&sprefix=guitar%2Caps%2C1141&sr=8-131,Musical Instruments,-,-
159,-,"Blueberry R-701, 6 String Right Handed Beginner Full Size Rosewood Fret board Electric Guitar with Bag, Strap, One Set of Strings and 2 Picks",https://www.amazon.in/Blueberry-Beginner-Rosewood-Electric-Strings/dp/B0B71VMZPG/ref=sr_1_132?crid=2D1III27C4Z9F&keywords=guitar&qid=1664347351&qu=eyJxc2MiOiI1LjgyIiwicXNhIjoiNS4xOSIsInFzcCI6IjQuMDQifQ%3D%3D&sprefix=guitar%2Caps%2C1141&sr=8-132,Musical Instruments,-,-
160,-,"Yamaha C40M Classical Guitar, Mahagony",https://www.amazon.in/Yamaha-C40MII-Acoustic-Concert-Guitar/dp/B005LG2JRK/ref=sr_1_133?crid=2D1III27C4Z9F&keywords=guitar&qid=1664347351&qu=eyJxc2MiOiI1LjgyIiwicXNhIjoiNS4xOSIsInFzcCI6IjQuMDQifQ%3D%3D&sprefix=guitar%2Caps%2C1141&sr=8-133,Musical Instruments,-,-
161,-,"INTERN 41 inches Acoustic Guitar with truss rod. Includes carry bag, strings pack, strap & plectrums. Premium Wooden durable built, tonal stability & for all age-groups (Refreshing Natural).",https://www.amazon.in/Acoustic-plectrums-stability-age-groups-Refreshing/dp/B09YH89RVZ/ref=sr_1_134?crid=2D1III27C4Z9F&keywords=guitar&qid=1664347351&qu=eyJxc2MiOiI1LjgyIiwicXNhIjoiNS4xOSIsInFzcCI6IjQuMDQifQ%3D%3D&sprefix=guitar%2Caps%2C1141&sr=8-134,Musical Instruments,-,-
162,-,"Cort AD810BKS Standard Dreadnought Guitar, Spruce Top, Mahogany Back & Sides, Black Satin",https://www.amazon.in/Cort-AD810BKS-Standard-Dreadnought-Mahogany/dp/B00KQEXK2A/ref=sr_1_135?crid=2D1III27C4Z9F&keywords=guitar&qid=1664347351&qu=eyJxc2MiOiI1LjgyIiwicXNhIjoiNS4xOSIsInFzcCI6IjQuMDQifQ%3D%3D&sprefix=guitar%2Caps%2C1141&sr=8-135,Musical Instruments,-,-
163,-,"Givson Venus Special Cutaway Rosewood 41 Inch Acoustic Guitar Kit With Cover/Bag, String Set, Strap and 5 Plectrums (BLACK)",https://www.amazon.in/Givson-Ketostics-Guitar-Acoustic-Plectrums/dp/B08KS5MRSC/ref=sr_1_136?crid=2D1III27C4Z9F&keywords=guitar&qid=1664347351&qu=eyJxc2MiOiI1LjgyIiwicXNhIjoiNS4xOSIsInFzcCI6IjQuMDQifQ%3D%3D&sprefix=guitar%2Caps%2C1141&sr=8-136,Musical Instruments,-,-
164,-,Pluto HW34-101 86.36 cm (34-inch) Acoustic Guitar (Black),https://www.amazon.in/Pluto-HW34-101-Acoustic-Guitar-Kids/dp/B00PNDAQOY/ref=sr_1_137?crid=2D1III27C4Z9F&keywords=guitar&qid=1664347351&qu=eyJxc2MiOiI1LjgyIiwicXNhIjoiNS4xOSIsInFzcCI6IjQuMDQifQ%3D%3D&sprefix=guitar%2Caps%2C1141&sr=8-137,Musical Instruments,-,-
165,-,Vault CL-40 4/4 size Premium Spruce-Top Classical Guitar,https://www.amazon.in/CL-40-Premium-Spruce-Top-Classical-Guitar/dp/B097N8VSVZ/ref=sr_1_138?crid=2D1III27C4Z9F&keywords=guitar&qid=1664347351&qu=eyJxc2MiOiI1LjgyIiwicXNhIjoiNS4xOSIsInFzcCI6IjQuMDQifQ%3D%3D&sprefix=guitar%2Caps%2C1141&sr=8-138,Musical Instruments,-,-
166,-,"Givson Venus Special Cutaway Rosewood 41 Inch Acoustic Semi Electric Guitar Kit with Bag, Rhythm String Set, Strap and 5 Plectrums, (Black)",https://www.amazon.in/Special-Rosewood-Acoustic-Electric-Plectrums/dp/B09P3YMHCD/ref=sr_1_139?crid=2D1III27C4Z9F&keywords=guitar&qid=1664347351&qu=eyJxc2MiOiI1LjgyIiwicXNhIjoiNS4xOSIsInFzcCI6IjQuMDQifQ%3D%3D&sprefix=guitar%2Caps%2C1141&sr=8-139,Musical Instruments,-,-
167,-,Yamaha FSX80C Semi Acoustic Cutaway Guitar with Bag (Black),https://www.amazon.in/Yamaha-FSX80C-Acoustic-Cutaway-Guitar/dp/B09HL5WFDX/ref=sr_1_140?crid=2D1III27C4Z9F&keywords=guitar&qid=1664347351&qu=eyJxc2MiOiI1LjgyIiwicXNhIjoiNS4xOSIsInFzcCI6IjQuMDQifQ%3D%3D&sprefix=guitar%2Caps%2C1141&sr=8-140,Musical Instruments,-,-
168,-,"Ibanez Acoustic Guitar MD39C Right Handed Cutaway Guitar - Sunburst With Bag, Belt, Plectrums Complete Pack.",https://www.amazon.in/Ibanez-Acoustic-Guitar-Handed-Cutaway/dp/B08FMW8KVY/ref=sr_1_141?crid=2D1III27C4Z9F&keywords=guitar&qid=1664347351&qu=eyJxc2MiOiI1LjgyIiwicXNhIjoiNS4xOSIsInFzcCI6IjQuMDQifQ%3D%3D&sprefix=guitar%2Caps%2C1141&sr=8-141,Musical Instruments,-,-
169,-,Yamaha FS80C The Ultimate Concert Body Cutaway Acoustic Guitar (Natural),https://www.amazon.in/FS80C-Ultimate-Concert-Cutaway-Acoustic/dp/B08R381H5L/ref=sr_1_142?crid=2D1III27C4Z9F&keywords=guitar&qid=1664347351&qu=eyJxc2MiOiI1LjgyIiwicXNhIjoiNS4xOSIsInFzcCI6IjQuMDQifQ%3D%3D&sprefix=guitar%2Caps%2C1141&sr=8-142,Musical Instruments,-,-
170,-,"Revel Acoustic Guitar with Carry bag and Plectrums. Beginner and Learners standard size configuration (Blue),Full,RVL-38C-LGP-BLS",https://www.amazon.in/Revel-RVL-38C-LGP-BLS-Linden-Acoustic-Guitar/dp/B085HWKDCY/ref=sr_1_143?crid=2D1III27C4Z9F&keywords=guitar&qid=1664347351&qu=eyJxc2MiOiI1LjgyIiwicXNhIjoiNS4xOSIsInFzcCI6IjQuMDQifQ%3D%3D&sprefix=guitar%2Caps%2C1141&sr=8-143,Musical Instruments,-,-
171,-,Gibz's G-38 Glossy Acoustic Guitar With Truss Rod Natural,https://www.amazon.in/Gibzs-38-C-Acoustic-Guitar-Natural/dp/B07M8KBTX8/ref=sr_1_144?crid=2D1III27C4Z9F&keywords=guitar&qid=1664347351&qu=eyJxc2MiOiI1LjgyIiwicXNhIjoiNS4xOSIsInFzcCI6IjQuMDQifQ%3D%3D&sprefix=guitar%2Caps%2C1141&sr=8-144,Musical Instruments,-,-
172,-,"Yamaha Electric-Acoustic Guitar FX280 Dreadnought With Mexa Sponge Guitar Bag, Belt,Plectrums (Natural)",https://www.amazon.in/Electric-Acoustic-FX280-Dreadnought-Plectrums-Natural/dp/B09HSDVQDT/ref=sr_1_145?crid=2D1III27C4Z9F&keywords=guitar&qid=1664347351&qu=eyJxc2MiOiI1LjgyIiwicXNhIjoiNS4xOSIsInFzcCI6IjQuMDQifQ%3D%3D&sprefix=guitar%2Caps%2C1141&sr=8-145,Musical Instruments,-,-
173,-,Givson Cambridge CB-WR 6-String Cutaway Right Hand Electro-Acoustic Guitar with Bag (Wine Red),https://www.amazon.in/Givson-Cambridge-CB-WR-6-String-Electro-Acoustic/dp/B01D9OK81O/ref=sr_1_146?crid=2D1III27C4Z9F&keywords=guitar&qid=1664347351&qu=eyJxc2MiOiI1LjgyIiwicXNhIjoiNS4xOSIsInFzcCI6IjQuMDQifQ%3D%3D&sprefix=guitar%2Caps%2C1141&sr=8-146,Musical Instruments,-,-
174,-,"Juârez JRZ38C/ASH 6 Strings Acoustic Guitar 38 Inch Cutaway, Right Handed, Ash with Bag, Strings, Picks and Strap",https://www.amazon.in/Juarez-JRZ38C-ASH-Strings-Acoustic/dp/B072JTPNZC/ref=sr_1_147?crid=2D1III27C4Z9F&keywords=guitar&qid=1664347351&qu=eyJxc2MiOiI1LjgyIiwicXNhIjoiNS4xOSIsInFzcCI6IjQuMDQifQ%3D%3D&sprefix=guitar%2Caps%2C1141&sr=8-147,Musical Instruments,-,-
175,-,"Belear I-280 38 Inch Blue Spruce Cutaway Acoustic Guitar with Dual Action Truss Rod, Bag, and Picks",https://www.amazon.in/Belear-Blue-Spruce-Cutaway-Acoustic/dp/B0BC9JF9BX/ref=sr_1_148?crid=2D1III27C4Z9F&keywords=guitar&qid=1664347351&qu=eyJxc2MiOiI1LjgyIiwicXNhIjoiNS4xOSIsInFzcCI6IjQuMDQifQ%3D%3D&sprefix=guitar%2Caps%2C1141&sr=8-148,Musical Instruments,-,-
176,-,Kadence 39” Classical Guitar Nylon Strings Acoustic Guitar with Truss Rod for Beginner Professional With Bag (KCL01),https://www.amazon.in/Kadence-Classical-Acoustic-Beginner-Professional/dp/B09M3J192L/ref=sr_1_149?crid=2D1III27C4Z9F&keywords=guitar&qid=1664347351&qu=eyJxc2MiOiI1LjgyIiwicXNhIjoiNS4xOSIsInFzcCI6IjQuMDQifQ%3D%3D&sprefix=guitar%2Caps%2C1141&sr=8-149,Musical Instruments,-,-
177,-,"Gavison Venus Black Rosewood Fretboard Acoustic Guitar With Bag,Strap,1 Set of Extra Strings and 2 Picks",https://www.amazon.in/Gavison-Venus-Black-Rosewood-Fretboard/dp/B0B5WYV64S/ref=sr_1_150?crid=2D1III27C4Z9F&keywords=guitar&qid=1664347351&qu=eyJxc2MiOiI1LjgyIiwicXNhIjoiNS4xOSIsInFzcCI6IjQuMDQifQ%3D%3D&sprefix=guitar%2Caps%2C1141&sr=8-150,Musical Instruments,-,-
178,-,-,https://www.amazon.in/Acoustic-Instrument-Educational-Beginners-Children/dp/B09HNWHN2L/ref=sr_1_151?crid=2D1III27C4Z9F&keywords=guitar&qid=1664347351&qu=eyJxc2MiOiI1LjgyIiwicXNhIjoiNS4xOSIsInFzcCI6IjQuMDQifQ%3D%3D&sprefix=guitar%2Caps%2C1141&sr=8-151,-,-,-
179,-,-,https://www.amazon.in/Special-Cutaway-Rosewood-Acoustic-Plectrums/dp/B09P41Y4HZ/ref=sr_1_152?crid=2D1III27C4Z9F&keywords=guitar&qid=1664347351&qu=eyJxc2MiOiI1LjgyIiwicXNhIjoiNS4xOSIsInFzcCI6IjQuMDQifQ%3D%3D&sprefix=guitar%2Caps%2C1141&sr=8-152,-,-,-
180,-,-,https://www.amazon.in/gp/slredirect/picassoRedirect.html/ref=pa_sp_btf_aps_sr_pg3_1?ie=UTF8&adId=A06809212GW9GZ6MULO9V&url=%2FUniversal-Acoustic-Classical-Mandolins-Instruments%2Fdp%2FB08XBRNC7T%2Fref%3Dsr_1_153_sspa%3Fcrid%3D2D1III27C4Z9F%26keywords%3Dguitar%26qid%3D1664347351%26qu%3DeyJxc2MiOiI1LjgyIiwicXNhIjoiNS4xOSIsInFzcCI6IjQuMDQifQ%253D%253D%26sprefix%3Dguitar%252Caps%252C1141%26sr%3D8-153-spons%26psc%3D1&qualifier=1664347351&id=5978934950283534&widgetName=sp_btf,-,-,-
181,-,-,https://www.amazon.in/gp/slredirect/picassoRedirect.html/ref=pa_sp_btf_aps_sr_pg3_1?ie=UTF8&adId=A09439073QBXBVXCYL7F7&url=%2FSG-Musical-Mandolin-Accessories-Buttons%2Fdp%2FB0B9X1RF3D%2Fref%3Dsr_1_154_sspa%3Fcrid%3D2D1III27C4Z9F%26keywords%3Dguitar%26qid%3D1664347351%26qu%3DeyJxc2MiOiI1LjgyIiwicXNhIjoiNS4xOSIsInFzcCI6IjQuMDQifQ%253D%253D%26sprefix%3Dguitar%252Caps%252C1141%26sr%3D8-154-spons%26psc%3D1&qualifier=1664347351&id=5978934950283534&widgetName=sp_btf,-,-,-
